LOCATION,Country,SUBJECT,Subject,MEASURE,Measure,FREQUENCY,Frequency,TIME,Unit.Code,Unit,PowerCode.Code,PowerCode,Reference.Period.Code,Reference.Period,Value
CAN,Canada,CP040100,CPI: 04.1 - CPI Actual rentals for housing,IXOB,Index,A,Annual,1976,IDX,Index,0,Units,2015_100,2015=100,33.35443
CAN,Canada,CP040100,CPI: 04.1 - CPI Actual rentals for housing,IXOB,Index,A,Annual,1977,IDX,Index,0,Units,2015_100,2015=100,35.49272
CAN,Canada,CP040100,CPI: 04.1 - CPI Actual rentals for housing,IXOB,Index,A,Annual,1978,IDX,Index,0,Units,2015_100,2015=100,37.37075
CAN,Canada,CP040100,CPI: 04.1 - CPI Actual rentals for housing,IXOB,Index,A,Annual,1979,IDX,Index,0,Units,2015_100,2015=100,39.12921
CAN,Canada,CP040100,CPI: 04.1 - CPI Actual rentals for housing,IXOB,Index,A,Annual,1980,IDX,Index,0,Units,2015_100,2015=100,41.04945
CAN,Canada,CP040100,CPI: 04.1 - CPI Actual rentals for housing,IXOB,Index,A,Annual,1981,IDX,Index,0,Units,2015_100,2015=100,43.79264
CAN,Canada,CP040100,CPI: 04.1 - CPI Actual rentals for housing,IXOB,Index,A,Annual,1982,IDX,Index,0,Units,2015_100,2015=100,47.69642
CAN,Canada,CP040100,CPI: 04.1 - CPI Actual rentals for housing,IXOB,Index,A,Annual,1983,IDX,Index,0,Units,2015_100,2015=100,51.30478
CAN,Canada,CP040100,CPI: 04.1 - CPI Actual rentals for housing,IXOB,Index,A,Annual,1984,IDX,Index,0,Units,2015_100,2015=100,53.86509
CAN,Canada,CP040100,CPI: 04.1 - CPI Actual rentals for housing,IXOB,Index,A,Annual,1985,IDX,Index,0,Units,2015_100,2015=100,56.17922
CAN,Canada,CP040100,CPI: 04.1 - CPI Actual rentals for housing,IXOB,Index,A,Annual,1986,IDX,Index,0,Units,2015_100,2015=100,58.43005
CAN,Canada,CP040100,CPI: 04.1 - CPI Actual rentals for housing,IXOB,Index,A,Annual,1987,IDX,Index,0,Units,2015_100,2015=100,60.53316
CAN,Canada,CP040100,CPI: 04.1 - CPI Actual rentals for housing,IXOB,Index,A,Annual,1988,IDX,Index,0,Units,2015_100,2015=100,62.91763
CAN,Canada,CP040100,CPI: 04.1 - CPI Actual rentals for housing,IXOB,Index,A,Annual,1989,IDX,Index,0,Units,2015_100,2015=100,66.10396
CAN,Canada,CP040100,CPI: 04.1 - CPI Actual rentals for housing,IXOB,Index,A,Annual,1990,IDX,Index,0,Units,2015_100,2015=100,68.74868
CAN,Canada,CP040100,CPI: 04.1 - CPI Actual rentals for housing,IXOB,Index,A,Annual,1991,IDX,Index,0,Units,2015_100,2015=100,71.13315
CAN,Canada,CP040100,CPI: 04.1 - CPI Actual rentals for housing,IXOB,Index,A,Annual,1992,IDX,Index,0,Units,2015_100,2015=100,73.07449
CAN,Canada,CP040100,CPI: 04.1 - CPI Actual rentals for housing,IXOB,Index,A,Annual,1993,IDX,Index,0,Units,2015_100,2015=100,74.636
CAN,Canada,CP040100,CPI: 04.1 - CPI Actual rentals for housing,IXOB,Index,A,Annual,1994,IDX,Index,0,Units,2015_100,2015=100,75.86692
CAN,Canada,CP040100,CPI: 04.1 - CPI Actual rentals for housing,IXOB,Index,A,Annual,1995,IDX,Index,0,Units,2015_100,2015=100,76.95716
CAN,Canada,CP040100,CPI: 04.1 - CPI Actual rentals for housing,IXOB,Index,A,Annual,1996,IDX,Index,0,Units,2015_100,2015=100,77.9419
CAN,Canada,CP040100,CPI: 04.1 - CPI Actual rentals for housing,IXOB,Index,A,Annual,1997,IDX,Index,0,Units,2015_100,2015=100,78.8774
CAN,Canada,CP040100,CPI: 04.1 - CPI Actual rentals for housing,IXOB,Index,A,Annual,1998,IDX,Index,0,Units,2015_100,2015=100,79.73553
CAN,Canada,CP040100,CPI: 04.1 - CPI Actual rentals for housing,IXOB,Index,A,Annual,1999,IDX,Index,0,Units,2015_100,2015=100,80.55849
CAN,Canada,CP040100,CPI: 04.1 - CPI Actual rentals for housing,IXOB,Index,A,Annual,2000,IDX,Index,0,Units,2015_100,2015=100,81.44475
CAN,Canada,CP040100,CPI: 04.1 - CPI Actual rentals for housing,IXOB,Index,A,Annual,2001,IDX,Index,0,Units,2015_100,2015=100,82.76008
CAN,Canada,CP040100,CPI: 04.1 - CPI Actual rentals for housing,IXOB,Index,A,Annual,2002,IDX,Index,0,Units,2015_100,2015=100,84.39896
CAN,Canada,CP040100,CPI: 04.1 - CPI Actual rentals for housing,IXOB,Index,A,Annual,2003,IDX,Index,0,Units,2015_100,2015=100,85.67912
CAN,Canada,CP040100,CPI: 04.1 - CPI Actual rentals for housing,IXOB,Index,A,Annual,2004,IDX,Index,0,Units,2015_100,2015=100,86.56538
CAN,Canada,CP040100,CPI: 04.1 - CPI Actual rentals for housing,IXOB,Index,A,Annual,2005,IDX,Index,0,Units,2015_100,2015=100,87.27579
CAN,Canada,CP040100,CPI: 04.1 - CPI Actual rentals for housing,IXOB,Index,A,Annual,2006,IDX,Index,0,Units,2015_100,2015=100,88.11282
CAN,Canada,CP040100,CPI: 04.1 - CPI Actual rentals for housing,IXOB,Index,A,Annual,2007,IDX,Index,0,Units,2015_100,2015=100,89.47739
CAN,Canada,CP040100,CPI: 04.1 - CPI Actual rentals for housing,IXOB,Index,A,Annual,2008,IDX,Index,0,Units,2015_100,2015=100,91.02483
CAN,Canada,CP040100,CPI: 04.1 - CPI Actual rentals for housing,IXOB,Index,A,Annual,2009,IDX,Index,0,Units,2015_100,2015=100,92.3894
CAN,Canada,CP040100,CPI: 04.1 - CPI Actual rentals for housing,IXOB,Index,A,Annual,2010,IDX,Index,0,Units,2015_100,2015=100,93.52184
CAN,Canada,CP040100,CPI: 04.1 - CPI Actual rentals for housing,IXOB,Index,A,Annual,2011,IDX,Index,0,Units,2015_100,2015=100,94.56285
CAN,Canada,CP040100,CPI: 04.1 - CPI Actual rentals for housing,IXOB,Index,A,Annual,2012,IDX,Index,0,Units,2015_100,2015=100,95.88521
CAN,Canada,CP040100,CPI: 04.1 - CPI Actual rentals for housing,IXOB,Index,A,Annual,2013,IDX,Index,0,Units,2015_100,2015=100,97.43265
CAN,Canada,CP040100,CPI: 04.1 - CPI Actual rentals for housing,IXOB,Index,A,Annual,2014,IDX,Index,0,Units,2015_100,2015=100,98.83942
CAN,Canada,CP040100,CPI: 04.1 - CPI Actual rentals for housing,IXOB,Index,A,Annual,2015,IDX,Index,0,Units,2015_100,2015=100,100
CAN,Canada,CP040100,CPI: 04.1 - CPI Actual rentals for housing,IXOB,Index,A,Annual,2016,IDX,Index,0,Units,2015_100,2015=100,100.6612
CAN,Canada,CP040100,CPI: 04.1 - CPI Actual rentals for housing,IXOB,Index,A,Annual,2017,IDX,Index,0,Units,2015_100,2015=100,101.3013
CAN,Canada,CP040100,CPI: 04.1 - CPI Actual rentals for housing,IXOB,Index,A,Annual,2018,IDX,Index,0,Units,2015_100,2015=100,102.4548
CAN,Canada,CP040100,CPI: 04.1 - CPI Actual rentals for housing,IXOB,Index,A,Annual,2019,IDX,Index,0,Units,2015_100,2015=100,105.2543
CAN,Canada,CP040100,CPI: 04.1 - CPI Actual rentals for housing,IXOB,Index,A,Annual,2020,IDX,Index,0,Units,2015_100,2015=100,107.0127
CAN,Canada,CP040100,CPI: 04.1 - CPI Actual rentals for housing,IXOB,Index,A,Annual,2021,IDX,Index,0,Units,2015_100,2015=100,108.8204
CAN,Canada,CP040100,CPI: 04.1 - CPI Actual rentals for housing,IXOB,Index,A,Annual,2022,IDX,Index,0,Units,2015_100,2015=100,113.8918
CAN,Canada,CP040100,CPI: 04.1 - CPI Actual rentals for housing,IXOB,Index,A,Annual,2023,IDX,Index,0,Units,2015_100,2015=100,121.0734
CAN,Canada,CPALTT01,CPI: 01-12 - All items,IXOBSA,"Index, s.a",A,Annual,1992,IDX,Index,0,Units,2015_100,2015=100,66.36819
CAN,Canada,CPALTT01,CPI: 01-12 - All items,IXOBSA,"Index, s.a",A,Annual,1993,IDX,Index,0,Units,2015_100,2015=100,67.606
CAN,Canada,CPALTT01,CPI: 01-12 - All items,IXOBSA,"Index, s.a",A,Annual,1994,IDX,Index,0,Units,2015_100,2015=100,67.71793
CAN,Canada,CPALTT01,CPI: 01-12 - All items,IXOBSA,"Index, s.a",A,Annual,1995,IDX,Index,0,Units,2015_100,2015=100,69.17303
CAN,Canada,CPALTT01,CPI: 01-12 - All items,IXOBSA,"Index, s.a",A,Annual,1996,IDX,Index,0,Units,2015_100,2015=100,70.25941
CAN,Canada,CPALTT01,CPI: 01-12 - All items,IXOBSA,"Index, s.a",A,Annual,1997,IDX,Index,0,Units,2015_100,2015=100,71.39848
CAN,Canada,CPALTT01,CPI: 01-12 - All items,IXOBSA,"Index, s.a",A,Annual,1998,IDX,Index,0,Units,2015_100,2015=100,72.10956
CAN,Canada,CPALTT01,CPI: 01-12 - All items,IXOBSA,"Index, s.a",A,Annual,1999,IDX,Index,0,Units,2015_100,2015=100,73.36055
CAN,Canada,CPALTT01,CPI: 01-12 - All items,IXOBSA,"Index, s.a",A,Annual,2000,IDX,Index,0,Units,2015_100,2015=100,75.35555
CAN,Canada,CPALTT01,CPI: 01-12 - All items,IXOBSA,"Index, s.a",A,Annual,2001,IDX,Index,0,Units,2015_100,2015=100,77.25836
CAN,Canada,CPALTT01,CPI: 01-12 - All items,IXOBSA,"Index, s.a",A,Annual,2002,IDX,Index,0,Units,2015_100,2015=100,79.00316
CAN,Canada,CPALTT01,CPI: 01-12 - All items,IXOBSA,"Index, s.a",A,Annual,2003,IDX,Index,0,Units,2015_100,2015=100,81.18251
CAN,Canada,CPALTT01,CPI: 01-12 - All items,IXOBSA,"Index, s.a",A,Annual,2004,IDX,Index,0,Units,2015_100,2015=100,82.69028
CAN,Canada,CPALTT01,CPI: 01-12 - All items,IXOBSA,"Index, s.a",A,Annual,2005,IDX,Index,0,Units,2015_100,2015=100,84.52068
CAN,Canada,CPALTT01,CPI: 01-12 - All items,IXOBSA,"Index, s.a",A,Annual,2006,IDX,Index,0,Units,2015_100,2015=100,86.2128
CAN,Canada,CPALTT01,CPI: 01-12 - All items,IXOBSA,"Index, s.a",A,Annual,2007,IDX,Index,0,Units,2015_100,2015=100,88.05636
CAN,Canada,CPALTT01,CPI: 01-12 - All items,IXOBSA,"Index, s.a",A,Annual,2008,IDX,Index,0,Units,2015_100,2015=100,90.14353
CAN,Canada,CPALTT01,CPI: 01-12 - All items,IXOBSA,"Index, s.a",A,Annual,2009,IDX,Index,0,Units,2015_100,2015=100,90.41348
CAN,Canada,CPALTT01,CPI: 01-12 - All items,IXOBSA,"Index, s.a",A,Annual,2010,IDX,Index,0,Units,2015_100,2015=100,92.02002
CAN,Canada,CPALTT01,CPI: 01-12 - All items,IXOBSA,"Index, s.a",A,Annual,2011,IDX,Index,0,Units,2015_100,2015=100,94.69976
CAN,Canada,CPALTT01,CPI: 01-12 - All items,IXOBSA,"Index, s.a",A,Annual,2012,IDX,Index,0,Units,2015_100,2015=100,96.13511
CAN,Canada,CPALTT01,CPI: 01-12 - All items,IXOBSA,"Index, s.a",A,Annual,2013,IDX,Index,0,Units,2015_100,2015=100,97.03713
CAN,Canada,CPALTT01,CPI: 01-12 - All items,IXOBSA,"Index, s.a",A,Annual,2014,IDX,Index,0,Units,2015_100,2015=100,98.88728
CAN,Canada,CPALTT01,CPI: 01-12 - All items,IXOBSA,"Index, s.a",A,Annual,2015,IDX,Index,0,Units,2015_100,2015=100,100
CAN,Canada,CPALTT01,CPI: 01-12 - All items,IXOBSA,"Index, s.a",A,Annual,2016,IDX,Index,0,Units,2015_100,2015=100,101.4288
CAN,Canada,CPALTT01,CPI: 01-12 - All items,IXOBSA,"Index, s.a",A,Annual,2017,IDX,Index,0,Units,2015_100,2015=100,103.0485
CAN,Canada,CPALTT01,CPI: 01-12 - All items,IXOBSA,"Index, s.a",A,Annual,2018,IDX,Index,0,Units,2015_100,2015=100,105.3858
CAN,Canada,CPALTT01,CPI: 01-12 - All items,IXOBSA,"Index, s.a",A,Annual,2019,IDX,Index,0,Units,2015_100,2015=100,107.4401
CAN,Canada,CPALTT01,CPI: 01-12 - All items,IXOBSA,"Index, s.a",A,Annual,2020,IDX,Index,0,Units,2015_100,2015=100,108.2104
CAN,Canada,CPALTT01,CPI: 01-12 - All items,IXOBSA,"Index, s.a",A,Annual,2021,IDX,Index,0,Units,2015_100,2015=100,111.8844
CAN,Canada,CPALTT01,CPI: 01-12 - All items,IXOBSA,"Index, s.a",A,Annual,2022,IDX,Index,0,Units,2015_100,2015=100,119.4957
CAN,Canada,CPALTT01,CPI: 01-12 - All items,IXOBSA,"Index, s.a",A,Annual,2023,IDX,Index,0,Units,2015_100,2015=100,124.1309
CAN,Canada,CP010000,CPI: 01 - Food and non-Alcoholic beverages,IXOB,Index,A,Annual,1976,IDX,Index,0,Units,2015_100,2015=100,22.75276
CAN,Canada,CP010000,CPI: 01 - Food and non-Alcoholic beverages,IXOB,Index,A,Annual,1977,IDX,Index,0,Units,2015_100,2015=100,24.75949
CAN,Canada,CP010000,CPI: 01 - Food and non-Alcoholic beverages,IXOB,Index,A,Annual,1978,IDX,Index,0,Units,2015_100,2015=100,29.07395
CAN,Canada,CP010000,CPI: 01 - Food and non-Alcoholic beverages,IXOB,Index,A,Annual,1979,IDX,Index,0,Units,2015_100,2015=100,32.99298
CAN,Canada,CP010000,CPI: 01 - Food and non-Alcoholic beverages,IXOB,Index,A,Annual,1980,IDX,Index,0,Units,2015_100,2015=100,36.67001
CAN,Canada,CP010000,CPI: 01 - Food and non-Alcoholic beverages,IXOB,Index,A,Annual,1981,IDX,Index,0,Units,2015_100,2015=100,41.0494
CAN,Canada,CP010000,CPI: 01 - Food and non-Alcoholic beverages,IXOB,Index,A,Annual,1982,IDX,Index,0,Units,2015_100,2015=100,43.66995
CAN,Canada,CP010000,CPI: 01 - Food and non-Alcoholic beverages,IXOB,Index,A,Annual,1983,IDX,Index,0,Units,2015_100,2015=100,44.94482
CAN,Canada,CP010000,CPI: 01 - Food and non-Alcoholic beverages,IXOB,Index,A,Annual,1984,IDX,Index,0,Units,2015_100,2015=100,47.6716
CAN,Canada,CP010000,CPI: 01 - Food and non-Alcoholic beverages,IXOB,Index,A,Annual,1985,IDX,Index,0,Units,2015_100,2015=100,48.84023
CAN,Canada,CP010000,CPI: 01 - Food and non-Alcoholic beverages,IXOB,Index,A,Annual,1986,IDX,Index,0,Units,2015_100,2015=100,51.30142
CAN,Canada,CP010000,CPI: 01 - Food and non-Alcoholic beverages,IXOB,Index,A,Annual,1987,IDX,Index,0,Units,2015_100,2015=100,53.63277
CAN,Canada,CP010000,CPI: 01 - Food and non-Alcoholic beverages,IXOB,Index,A,Annual,1988,IDX,Index,0,Units,2015_100,2015=100,54.70106
CAN,Canada,CP010000,CPI: 01 - Food and non-Alcoholic beverages,IXOB,Index,A,Annual,1989,IDX,Index,0,Units,2015_100,2015=100,56.40678
CAN,Canada,CP010000,CPI: 01 - Food and non-Alcoholic beverages,IXOB,Index,A,Annual,1990,IDX,Index,0,Units,2015_100,2015=100,58.60828
CAN,Canada,CP010000,CPI: 01 - Food and non-Alcoholic beverages,IXOB,Index,A,Annual,1991,IDX,Index,0,Units,2015_100,2015=100,59.95396
CAN,Canada,CP010000,CPI: 01 - Food and non-Alcoholic beverages,IXOB,Index,A,Annual,1992,IDX,Index,0,Units,2015_100,2015=100,59.09815
CAN,Canada,CP010000,CPI: 01 - Food and non-Alcoholic beverages,IXOB,Index,A,Annual,1993,IDX,Index,0,Units,2015_100,2015=100,60.17234
CAN,Canada,CP010000,CPI: 01 - Food and non-Alcoholic beverages,IXOB,Index,A,Annual,1994,IDX,Index,0,Units,2015_100,2015=100,60.23137
CAN,Canada,CP010000,CPI: 01 - Food and non-Alcoholic beverages,IXOB,Index,A,Annual,1995,IDX,Index,0,Units,2015_100,2015=100,61.83675
CAN,Canada,CP010000,CPI: 01 - Food and non-Alcoholic beverages,IXOB,Index,A,Annual,1996,IDX,Index,0,Units,2015_100,2015=100,62.55091
CAN,Canada,CP010000,CPI: 01 - Food and non-Alcoholic beverages,IXOB,Index,A,Annual,1997,IDX,Index,0,Units,2015_100,2015=100,63.51295
CAN,Canada,CP010000,CPI: 01 - Food and non-Alcoholic beverages,IXOB,Index,A,Annual,1998,IDX,Index,0,Units,2015_100,2015=100,64.51041
CAN,Canada,CP010000,CPI: 01 - Food and non-Alcoholic beverages,IXOB,Index,A,Annual,1999,IDX,Index,0,Units,2015_100,2015=100,65.18916
CAN,Canada,CP010000,CPI: 01 - Food and non-Alcoholic beverages,IXOB,Index,A,Annual,2000,IDX,Index,0,Units,2015_100,2015=100,65.88562
CAN,Canada,CP010000,CPI: 01 - Food and non-Alcoholic beverages,IXOB,Index,A,Annual,2001,IDX,Index,0,Units,2015_100,2015=100,69.07867
CAN,Canada,CP010000,CPI: 01 - Food and non-Alcoholic beverages,IXOB,Index,A,Annual,2002,IDX,Index,0,Units,2015_100,2015=100,70.82571
CAN,Canada,CP010000,CPI: 01 - Food and non-Alcoholic beverages,IXOB,Index,A,Annual,2003,IDX,Index,0,Units,2015_100,2015=100,71.84678
CAN,Canada,CP010000,CPI: 01 - Food and non-Alcoholic beverages,IXOB,Index,A,Annual,2004,IDX,Index,0,Units,2015_100,2015=100,73.12164
CAN,Canada,CP010000,CPI: 01 - Food and non-Alcoholic beverages,IXOB,Index,A,Annual,2005,IDX,Index,0,Units,2015_100,2015=100,74.79785
CAN,Canada,CP010000,CPI: 01 - Food and non-Alcoholic beverages,IXOB,Index,A,Annual,2006,IDX,Index,0,Units,2015_100,2015=100,76.49767
CAN,Canada,CP010000,CPI: 01 - Food and non-Alcoholic beverages,IXOB,Index,A,Annual,2007,IDX,Index,0,Units,2015_100,2015=100,78.5103
CAN,Canada,CP010000,CPI: 01 - Food and non-Alcoholic beverages,IXOB,Index,A,Annual,2008,IDX,Index,0,Units,2015_100,2015=100,81.59712
CAN,Canada,CP010000,CPI: 01 - Food and non-Alcoholic beverages,IXOB,Index,A,Annual,2009,IDX,Index,0,Units,2015_100,2015=100,86.06504
CAN,Canada,CP010000,CPI: 01 - Food and non-Alcoholic beverages,IXOB,Index,A,Annual,2010,IDX,Index,0,Units,2015_100,2015=100,86.87954
CAN,Canada,CP010000,CPI: 01 - Food and non-Alcoholic beverages,IXOB,Index,A,Annual,2011,IDX,Index,0,Units,2015_100,2015=100,90.56248
CAN,Canada,CP010000,CPI: 01 - Food and non-Alcoholic beverages,IXOB,Index,A,Annual,2012,IDX,Index,0,Units,2015_100,2015=100,92.69315
CAN,Canada,CP010000,CPI: 01 - Food and non-Alcoholic beverages,IXOB,Index,A,Annual,2013,IDX,Index,0,Units,2015_100,2015=100,93.70242
CAN,Canada,CP010000,CPI: 01 - Food and non-Alcoholic beverages,IXOB,Index,A,Annual,2014,IDX,Index,0,Units,2015_100,2015=100,96.05737
CAN,Canada,CP010000,CPI: 01 - Food and non-Alcoholic beverages,IXOB,Index,A,Annual,2015,IDX,Index,0,Units,2015_100,2015=100,100
CAN,Canada,CP010000,CPI: 01 - Food and non-Alcoholic beverages,IXOB,Index,A,Annual,2016,IDX,Index,0,Units,2015_100,2015=100,101.0152
CAN,Canada,CP010000,CPI: 01 - Food and non-Alcoholic beverages,IXOB,Index,A,Annual,2017,IDX,Index,0,Units,2015_100,2015=100,99.99409
CAN,Canada,CP010000,CPI: 01 - Food and non-Alcoholic beverages,IXOB,Index,A,Annual,2018,IDX,Index,0,Units,2015_100,2015=100,100.8027
CAN,Canada,CP010000,CPI: 01 - Food and non-Alcoholic beverages,IXOB,Index,A,Annual,2019,IDX,Index,0,Units,2015_100,2015=100,104.5092
CAN,Canada,CP010000,CPI: 01 - Food and non-Alcoholic beverages,IXOB,Index,A,Annual,2020,IDX,Index,0,Units,2015_100,2015=100,107.0176
CAN,Canada,CP010000,CPI: 01 - Food and non-Alcoholic beverages,IXOB,Index,A,Annual,2021,IDX,Index,0,Units,2015_100,2015=100,109.3667
CAN,Canada,CP010000,CPI: 01 - Food and non-Alcoholic beverages,IXOB,Index,A,Annual,2022,IDX,Index,0,Units,2015_100,2015=100,120.0437
CAN,Canada,CP010000,CPI: 01 - Food and non-Alcoholic beverages,IXOB,Index,A,Annual,2023,IDX,Index,0,Units,2015_100,2015=100,129.4576
CAN,Canada,CPALTT01,CPI: 01-12 - All items,IXOB,Index,A,Annual,1976,IDX,Index,0,Units,2015_100,2015=100,24.59837
CAN,Canada,CPALTT01,CPI: 01-12 - All items,IXOB,Index,A,Annual,1977,IDX,Index,0,Units,2015_100,2015=100,26.56044
CAN,Canada,CPALTT01,CPI: 01-12 - All items,IXOB,Index,A,Annual,1978,IDX,Index,0,Units,2015_100,2015=100,28.9439
CAN,Canada,CPALTT01,CPI: 01-12 - All items,IXOB,Index,A,Annual,1979,IDX,Index,0,Units,2015_100,2015=100,31.59073
CAN,Canada,CPALTT01,CPI: 01-12 - All items,IXOB,Index,A,Annual,1980,IDX,Index,0,Units,2015_100,2015=100,34.79062
CAN,Canada,CPALTT01,CPI: 01-12 - All items,IXOB,Index,A,Annual,1981,IDX,Index,0,Units,2015_100,2015=100,39.12958
CAN,Canada,CPALTT01,CPI: 01-12 - All items,IXOB,Index,A,Annual,1982,IDX,Index,0,Units,2015_100,2015=100,43.34343
CAN,Canada,CPALTT01,CPI: 01-12 - All items,IXOB,Index,A,Annual,1983,IDX,Index,0,Units,2015_100,2015=100,45.88491
CAN,Canada,CPALTT01,CPI: 01-12 - All items,IXOB,Index,A,Annual,1984,IDX,Index,0,Units,2015_100,2015=100,47.86015
CAN,Canada,CPALTT01,CPI: 01-12 - All items,IXOB,Index,A,Annual,1985,IDX,Index,0,Units,2015_100,2015=100,49.75639
CAN,Canada,CPALTT01,CPI: 01-12 - All items,IXOB,Index,A,Annual,1986,IDX,Index,0,Units,2015_100,2015=100,51.84356
CAN,Canada,CPALTT01,CPI: 01-12 - All items,IXOB,Index,A,Annual,1987,IDX,Index,0,Units,2015_100,2015=100,54.10192
CAN,Canada,CPALTT01,CPI: 01-12 - All items,IXOB,Index,A,Annual,1988,IDX,Index,0,Units,2015_100,2015=100,56.28127
CAN,Canada,CPALTT01,CPI: 01-12 - All items,IXOB,Index,A,Annual,1989,IDX,Index,0,Units,2015_100,2015=100,59.08612
CAN,Canada,CPALTT01,CPI: 01-12 - All items,IXOB,Index,A,Annual,1990,IDX,Index,0,Units,2015_100,2015=100,61.91072
CAN,Canada,CPALTT01,CPI: 01-12 - All items,IXOB,Index,A,Annual,1991,IDX,Index,0,Units,2015_100,2015=100,65.39373
CAN,Canada,CPALTT01,CPI: 01-12 - All items,IXOB,Index,A,Annual,1992,IDX,Index,0,Units,2015_100,2015=100,66.36819
CAN,Canada,CPALTT01,CPI: 01-12 - All items,IXOB,Index,A,Annual,1993,IDX,Index,0,Units,2015_100,2015=100,67.606
CAN,Canada,CPALTT01,CPI: 01-12 - All items,IXOB,Index,A,Annual,1994,IDX,Index,0,Units,2015_100,2015=100,67.71793
CAN,Canada,CPALTT01,CPI: 01-12 - All items,IXOB,Index,A,Annual,1995,IDX,Index,0,Units,2015_100,2015=100,69.17303
CAN,Canada,CPALTT01,CPI: 01-12 - All items,IXOB,Index,A,Annual,1996,IDX,Index,0,Units,2015_100,2015=100,70.25941
CAN,Canada,CPALTT01,CPI: 01-12 - All items,IXOB,Index,A,Annual,1997,IDX,Index,0,Units,2015_100,2015=100,71.39848
CAN,Canada,CPALTT01,CPI: 01-12 - All items,IXOB,Index,A,Annual,1998,IDX,Index,0,Units,2015_100,2015=100,72.10956
CAN,Canada,CPALTT01,CPI: 01-12 - All items,IXOB,Index,A,Annual,1999,IDX,Index,0,Units,2015_100,2015=100,73.36055
CAN,Canada,CPALTT01,CPI: 01-12 - All items,IXOB,Index,A,Annual,2000,IDX,Index,0,Units,2015_100,2015=100,75.35555
CAN,Canada,CPALTT01,CPI: 01-12 - All items,IXOB,Index,A,Annual,2001,IDX,Index,0,Units,2015_100,2015=100,77.25836
CAN,Canada,CPALTT01,CPI: 01-12 - All items,IXOB,Index,A,Annual,2002,IDX,Index,0,Units,2015_100,2015=100,79.00316
CAN,Canada,CPALTT01,CPI: 01-12 - All items,IXOB,Index,A,Annual,2003,IDX,Index,0,Units,2015_100,2015=100,81.18251
CAN,Canada,CPALTT01,CPI: 01-12 - All items,IXOB,Index,A,Annual,2004,IDX,Index,0,Units,2015_100,2015=100,82.69028
CAN,Canada,CPALTT01,CPI: 01-12 - All items,IXOB,Index,A,Annual,2005,IDX,Index,0,Units,2015_100,2015=100,84.52068
CAN,Canada,CPALTT01,CPI: 01-12 - All items,IXOB,Index,A,Annual,2006,IDX,Index,0,Units,2015_100,2015=100,86.2128
CAN,Canada,CPALTT01,CPI: 01-12 - All items,IXOB,Index,A,Annual,2007,IDX,Index,0,Units,2015_100,2015=100,88.05636
CAN,Canada,CPALTT01,CPI: 01-12 - All items,IXOB,Index,A,Annual,2008,IDX,Index,0,Units,2015_100,2015=100,90.14353
CAN,Canada,CPALTT01,CPI: 01-12 - All items,IXOB,Index,A,Annual,2009,IDX,Index,0,Units,2015_100,2015=100,90.41348
CAN,Canada,CPALTT01,CPI: 01-12 - All items,IXOB,Index,A,Annual,2010,IDX,Index,0,Units,2015_100,2015=100,92.02002
CAN,Canada,CPALTT01,CPI: 01-12 - All items,IXOB,Index,A,Annual,2011,IDX,Index,0,Units,2015_100,2015=100,94.69976
CAN,Canada,CPALTT01,CPI: 01-12 - All items,IXOB,Index,A,Annual,2012,IDX,Index,0,Units,2015_100,2015=100,96.13511
CAN,Canada,CPALTT01,CPI: 01-12 - All items,IXOB,Index,A,Annual,2013,IDX,Index,0,Units,2015_100,2015=100,97.03713
CAN,Canada,CPALTT01,CPI: 01-12 - All items,IXOB,Index,A,Annual,2014,IDX,Index,0,Units,2015_100,2015=100,98.88728
CAN,Canada,CPALTT01,CPI: 01-12 - All items,IXOB,Index,A,Annual,2015,IDX,Index,0,Units,2015_100,2015=100,100
CAN,Canada,CPALTT01,CPI: 01-12 - All items,IXOB,Index,A,Annual,2016,IDX,Index,0,Units,2015_100,2015=100,101.4288
CAN,Canada,CPALTT01,CPI: 01-12 - All items,IXOB,Index,A,Annual,2017,IDX,Index,0,Units,2015_100,2015=100,103.0485
CAN,Canada,CPALTT01,CPI: 01-12 - All items,IXOB,Index,A,Annual,2018,IDX,Index,0,Units,2015_100,2015=100,105.3858
CAN,Canada,CPALTT01,CPI: 01-12 - All items,IXOB,Index,A,Annual,2019,IDX,Index,0,Units,2015_100,2015=100,107.4401
CAN,Canada,CPALTT01,CPI: 01-12 - All items,IXOB,Index,A,Annual,2020,IDX,Index,0,Units,2015_100,2015=100,108.2104
CAN,Canada,CPALTT01,CPI: 01-12 - All items,IXOB,Index,A,Annual,2021,IDX,Index,0,Units,2015_100,2015=100,111.8844
CAN,Canada,CPALTT01,CPI: 01-12 - All items,IXOB,Index,A,Annual,2022,IDX,Index,0,Units,2015_100,2015=100,119.4957
CAN,Canada,CPALTT01,CPI: 01-12 - All items,IXOB,Index,A,Annual,2023,IDX,Index,0,Units,2015_100,2015=100,124.1309
CAN,Canada,CP040200,CPI: 04.2 - CPI Imputed rentals for housing,IXOB,Index,A,Annual,1976,IDX,Index,0,Units,2015_100,2015=100,25.03081
CAN,Canada,CP040200,CPI: 04.2 - CPI Imputed rentals for housing,IXOB,Index,A,Annual,1977,IDX,Index,0,Units,2015_100,2015=100,27.73601
CAN,Canada,CP040200,CPI: 04.2 - CPI Imputed rentals for housing,IXOB,Index,A,Annual,1978,IDX,Index,0,Units,2015_100,2015=100,30.053
CAN,Canada,CP040200,CPI: 04.2 - CPI Imputed rentals for housing,IXOB,Index,A,Annual,1979,IDX,Index,0,Units,2015_100,2015=100,31.89549
CAN,Canada,CP040200,CPI: 04.2 - CPI Imputed rentals for housing,IXOB,Index,A,Annual,1980,IDX,Index,0,Units,2015_100,2015=100,34.28642
CAN,Canada,CP040200,CPI: 04.2 - CPI Imputed rentals for housing,IXOB,Index,A,Annual,1981,IDX,Index,0,Units,2015_100,2015=100,38.65541
CAN,Canada,CP040200,CPI: 04.2 - CPI Imputed rentals for housing,IXOB,Index,A,Annual,1982,IDX,Index,0,Units,2015_100,2015=100,43.93641
CAN,Canada,CP040200,CPI: 04.2 - CPI Imputed rentals for housing,IXOB,Index,A,Annual,1983,IDX,Index,0,Units,2015_100,2015=100,46.77718
CAN,Canada,CP040200,CPI: 04.2 - CPI Imputed rentals for housing,IXOB,Index,A,Annual,1984,IDX,Index,0,Units,2015_100,2015=100,48.17599
CAN,Canada,CP040200,CPI: 04.2 - CPI Imputed rentals for housing,IXOB,Index,A,Annual,1985,IDX,Index,0,Units,2015_100,2015=100,49.4947
CAN,Canada,CP040200,CPI: 04.2 - CPI Imputed rentals for housing,IXOB,Index,A,Annual,1986,IDX,Index,0,Units,2015_100,2015=100,51.36801
CAN,Canada,CP040200,CPI: 04.2 - CPI Imputed rentals for housing,IXOB,Index,A,Annual,1987,IDX,Index,0,Units,2015_100,2015=100,54.59083
CAN,Canada,CP040200,CPI: 04.2 - CPI Imputed rentals for housing,IXOB,Index,A,Annual,1988,IDX,Index,0,Units,2015_100,2015=100,57.59182
CAN,Canada,CP040200,CPI: 04.2 - CPI Imputed rentals for housing,IXOB,Index,A,Annual,1989,IDX,Index,0,Units,2015_100,2015=100,61.97929
CAN,Canada,CP040200,CPI: 04.2 - CPI Imputed rentals for housing,IXOB,Index,A,Annual,1990,IDX,Index,0,Units,2015_100,2015=100,66.06483
CAN,Canada,CP040200,CPI: 04.2 - CPI Imputed rentals for housing,IXOB,Index,A,Annual,1991,IDX,Index,0,Units,2015_100,2015=100,68.36332
CAN,Canada,CP040200,CPI: 04.2 - CPI Imputed rentals for housing,IXOB,Index,A,Annual,1992,IDX,Index,0,Units,2015_100,2015=100,68.7084
CAN,Canada,CP040200,CPI: 04.2 - CPI Imputed rentals for housing,IXOB,Index,A,Annual,1993,IDX,Index,0,Units,2015_100,2015=100,68.88711
CAN,Canada,CP040200,CPI: 04.2 - CPI Imputed rentals for housing,IXOB,Index,A,Annual,1994,IDX,Index,0,Units,2015_100,2015=100,68.26472
CAN,Canada,CP040200,CPI: 04.2 - CPI Imputed rentals for housing,IXOB,Index,A,Annual,1995,IDX,Index,0,Units,2015_100,2015=100,69.28149
CAN,Canada,CP040200,CPI: 04.2 - CPI Imputed rentals for housing,IXOB,Index,A,Annual,1996,IDX,Index,0,Units,2015_100,2015=100,68.78851
CAN,Canada,CP040200,CPI: 04.2 - CPI Imputed rentals for housing,IXOB,Index,A,Annual,1997,IDX,Index,0,Units,2015_100,2015=100,68.08602
CAN,Canada,CP040200,CPI: 04.2 - CPI Imputed rentals for housing,IXOB,Index,A,Annual,1998,IDX,Index,0,Units,2015_100,2015=100,68.153809999999993
CAN,Canada,CP040200,CPI: 04.2 - CPI Imputed rentals for housing,IXOB,Index,A,Annual,1999,IDX,Index,0,Units,2015_100,2015=100,68.90559
CAN,Canada,CP040200,CPI: 04.2 - CPI Imputed rentals for housing,IXOB,Index,A,Annual,2000,IDX,Index,0,Units,2015_100,2015=100,70.71728
CAN,Canada,CP040200,CPI: 04.2 - CPI Imputed rentals for housing,IXOB,Index,A,Annual,2001,IDX,Index,0,Units,2015_100,2015=100,72.71999
CAN,Canada,CP040200,CPI: 04.2 - CPI Imputed rentals for housing,IXOB,Index,A,Annual,2002,IDX,Index,0,Units,2015_100,2015=100,73.94627
CAN,Canada,CP040200,CPI: 04.2 - CPI Imputed rentals for housing,IXOB,Index,A,Annual,2003,IDX,Index,0,Units,2015_100,2015=100,76.17081
CAN,Canada,CP040200,CPI: 04.2 - CPI Imputed rentals for housing,IXOB,Index,A,Annual,2004,IDX,Index,0,Units,2015_100,2015=100,78.31525
CAN,Canada,CP040200,CPI: 04.2 - CPI Imputed rentals for housing,IXOB,Index,A,Annual,2005,IDX,Index,0,Units,2015_100,2015=100,80.73083
CAN,Canada,CP040200,CPI: 04.2 - CPI Imputed rentals for housing,IXOB,Index,A,Annual,2006,IDX,Index,0,Units,2015_100,2015=100,84.0769
CAN,Canada,CP040200,CPI: 04.2 - CPI Imputed rentals for housing,IXOB,Index,A,Annual,2007,IDX,Index,0,Units,2015_100,2015=100,88.19941
CAN,Canada,CP040200,CPI: 04.2 - CPI Imputed rentals for housing,IXOB,Index,A,Annual,2008,IDX,Index,0,Units,2015_100,2015=100,92.13088
CAN,Canada,CP040200,CPI: 04.2 - CPI Imputed rentals for housing,IXOB,Index,A,Annual,2009,IDX,Index,0,Units,2015_100,2015=100,93.12916
CAN,Canada,CP040200,CPI: 04.2 - CPI Imputed rentals for housing,IXOB,Index,A,Annual,2010,IDX,Index,0,Units,2015_100,2015=100,93.73306
CAN,Canada,CP040200,CPI: 04.2 - CPI Imputed rentals for housing,IXOB,Index,A,Annual,2011,IDX,Index,0,Units,2015_100,2015=100,95.10722
CAN,Canada,CP040200,CPI: 04.2 - CPI Imputed rentals for housing,IXOB,Index,A,Annual,2012,IDX,Index,0,Units,2015_100,2015=100,96.21642
CAN,Canada,CP040200,CPI: 04.2 - CPI Imputed rentals for housing,IXOB,Index,A,Annual,2013,IDX,Index,0,Units,2015_100,2015=100,96.69707
CAN,Canada,CP040200,CPI: 04.2 - CPI Imputed rentals for housing,IXOB,Index,A,Annual,2014,IDX,Index,0,Units,2015_100,2015=100,98.39167
CAN,Canada,CP040200,CPI: 04.2 - CPI Imputed rentals for housing,IXOB,Index,A,Annual,2015,IDX,Index,0,Units,2015_100,2015=100,100
CAN,Canada,CP040200,CPI: 04.2 - CPI Imputed rentals for housing,IXOB,Index,A,Annual,2016,IDX,Index,0,Units,2015_100,2015=100,102.0951
CAN,Canada,CP040200,CPI: 04.2 - CPI Imputed rentals for housing,IXOB,Index,A,Annual,2017,IDX,Index,0,Units,2015_100,2015=100,104.6771
CAN,Canada,CP040200,CPI: 04.2 - CPI Imputed rentals for housing,IXOB,Index,A,Annual,2018,IDX,Index,0,Units,2015_100,2015=100,107.4624
CAN,Canada,CP040200,CPI: 04.2 - CPI Imputed rentals for housing,IXOB,Index,A,Annual,2019,IDX,Index,0,Units,2015_100,2015=100,110.1984
CAN,Canada,CP040200,CPI: 04.2 - CPI Imputed rentals for housing,IXOB,Index,A,Annual,2020,IDX,Index,0,Units,2015_100,2015=100,112.6017
CAN,Canada,CP040200,CPI: 04.2 - CPI Imputed rentals for housing,IXOB,Index,A,Annual,2021,IDX,Index,0,Units,2015_100,2015=100,117.2665
CAN,Canada,CP040200,CPI: 04.2 - CPI Imputed rentals for housing,IXOB,Index,A,Annual,2022,IDX,Index,0,Units,2015_100,2015=100,125.0678
CAN,Canada,CP040200,CPI: 04.2 - CPI Imputed rentals for housing,IXOB,Index,A,Annual,2023,IDX,Index,0,Units,2015_100,2015=100,132.7459
CAN,Canada,CPGRSE01,CPI: Services,IXOB,Index,A,Annual,1976,IDX,Index,0,Units,2015_100,2015=100,21.88818
CAN,Canada,CPGRSE01,CPI: Services,IXOB,Index,A,Annual,1977,IDX,Index,0,Units,2015_100,2015=100,23.84968
CAN,Canada,CPGRSE01,CPI: Services,IXOB,Index,A,Annual,1978,IDX,Index,0,Units,2015_100,2015=100,25.48732
CAN,Canada,CPGRSE01,CPI: Services,IXOB,Index,A,Annual,1979,IDX,Index,0,Units,2015_100,2015=100,27.2655
CAN,Canada,CPGRSE01,CPI: Services,IXOB,Index,A,Annual,1980,IDX,Index,0,Units,2015_100,2015=100,29.5081
CAN,Canada,CPGRSE01,CPI: Services,IXOB,Index,A,Annual,1981,IDX,Index,0,Units,2015_100,2015=100,32.89337
CAN,Canada,CPGRSE01,CPI: Services,IXOB,Index,A,Annual,1982,IDX,Index,0,Units,2015_100,2015=100,37.16468
CAN,Canada,CPGRSE01,CPI: Services,IXOB,Index,A,Annual,1983,IDX,Index,0,Units,2015_100,2015=100,39.55392
CAN,Canada,CPGRSE01,CPI: Services,IXOB,Index,A,Annual,1984,IDX,Index,0,Units,2015_100,2015=100,41.06324
CAN,Canada,CPGRSE01,CPI: Services,IXOB,Index,A,Annual,1985,IDX,Index,0,Units,2015_100,2015=100,42.68255
CAN,Canada,CPGRSE01,CPI: Services,IXOB,Index,A,Annual,1986,IDX,Index,0,Units,2015_100,2015=100,44.87626
CAN,Canada,CPGRSE01,CPI: Services,IXOB,Index,A,Annual,1987,IDX,Index,0,Units,2015_100,2015=100,46.98442
CAN,Canada,CPGRSE01,CPI: Services,IXOB,Index,A,Annual,1988,IDX,Index,0,Units,2015_100,2015=100,49.1659
CAN,Canada,CPGRSE01,CPI: Services,IXOB,Index,A,Annual,1989,IDX,Index,0,Units,2015_100,2015=100,51.989
CAN,Canada,CPGRSE01,CPI: Services,IXOB,Index,A,Annual,1990,IDX,Index,0,Units,2015_100,2015=100,54.91598
CAN,Canada,CPGRSE01,CPI: Services,IXOB,Index,A,Annual,1991,IDX,Index,0,Units,2015_100,2015=100,58.3868
CAN,Canada,CPGRSE01,CPI: Services,IXOB,Index,A,Annual,1992,IDX,Index,0,Units,2015_100,2015=100,59.7128
CAN,Canada,CPGRSE01,CPI: Services,IXOB,Index,A,Annual,1993,IDX,Index,0,Units,2015_100,2015=100,60.94103
CAN,Canada,CPGRSE01,CPI: Services,IXOB,Index,A,Annual,1994,IDX,Index,0,Units,2015_100,2015=100,61.96761
CAN,Canada,CPGRSE01,CPI: Services,IXOB,Index,A,Annual,1995,IDX,Index,0,Units,2015_100,2015=100,63.53804
CAN,Canada,CPGRSE01,CPI: Services,IXOB,Index,A,Annual,1996,IDX,Index,0,Units,2015_100,2015=100,64.50352
CAN,Canada,CPGRSE01,CPI: Services,IXOB,Index,A,Annual,1997,IDX,Index,0,Units,2015_100,2015=100,65.59731
CAN,Canada,CPGRSE01,CPI: Services,IXOB,Index,A,Annual,1998,IDX,Index,0,Units,2015_100,2015=100,66.78888
CAN,Canada,CPGRSE01,CPI: Services,IXOB,Index,A,Annual,1999,IDX,Index,0,Units,2015_100,2015=100,67.90101
CAN,Canada,CPGRSE01,CPI: Services,IXOB,Index,A,Annual,2000,IDX,Index,0,Units,2015_100,2015=100,69.47755
CAN,Canada,CPGRSE01,CPI: Services,IXOB,Index,A,Annual,2001,IDX,Index,0,Units,2015_100,2015=100,71.22517
CAN,Canada,CPGRSE01,CPI: Services,IXOB,Index,A,Annual,2002,IDX,Index,0,Units,2015_100,2015=100,73.32722
CAN,Canada,CPGRSE01,CPI: Services,IXOB,Index,A,Annual,2003,IDX,Index,0,Units,2015_100,2015=100,75.94256
CAN,Canada,CPGRSE01,CPI: Services,IXOB,Index,A,Annual,2004,IDX,Index,0,Units,2015_100,2015=100,77.62909
CAN,Canada,CPGRSE01,CPI: Services,IXOB,Index,A,Annual,2005,IDX,Index,0,Units,2015_100,2015=100,79.33395
CAN,Canada,CPGRSE01,CPI: Services,IXOB,Index,A,Annual,2006,IDX,Index,0,Units,2015_100,2015=100,81.43599
CAN,Canada,CPGRSE01,CPI: Services,IXOB,Index,A,Annual,2007,IDX,Index,0,Units,2015_100,2015=100,84.18576
CAN,Canada,CPGRSE01,CPI: Services,IXOB,Index,A,Annual,2008,IDX,Index,0,Units,2015_100,2015=100,87.05164
CAN,Canada,CPGRSE01,CPI: Services,IXOB,Index,A,Annual,2009,IDX,Index,0,Units,2015_100,2015=100,88.88481
CAN,Canada,CPGRSE01,CPI: Services,IXOB,Index,A,Annual,2010,IDX,Index,0,Units,2015_100,2015=100,90.68744
CAN,Canada,CPGRSE01,CPI: Services,IXOB,Index,A,Annual,2011,IDX,Index,0,Units,2015_100,2015=100,92.93003
CAN,Canada,CPGRSE01,CPI: Services,IXOB,Index,A,Annual,2012,IDX,Index,0,Units,2015_100,2015=100,94.79377
CAN,Canada,CPGRSE01,CPI: Services,IXOB,Index,A,Annual,2013,IDX,Index,0,Units,2015_100,2015=100,96.08311
CAN,Canada,CPGRSE01,CPI: Services,IXOB,Index,A,Annual,2014,IDX,Index,0,Units,2015_100,2015=100,98.06905
CAN,Canada,CPGRSE01,CPI: Services,IXOB,Index,A,Annual,2015,IDX,Index,0,Units,2015_100,2015=100,100
CAN,Canada,CPGRSE01,CPI: Services,IXOB,Index,A,Annual,2016,IDX,Index,0,Units,2015_100,2015=100,101.8515
CAN,Canada,CPGRSE01,CPI: Services,IXOB,Index,A,Annual,2017,IDX,Index,0,Units,2015_100,2015=100,104.1247
CAN,Canada,CPGRSE01,CPI: Services,IXOB,Index,A,Annual,2018,IDX,Index,0,Units,2015_100,2015=100,106.8805
CAN,Canada,CPGRSE01,CPI: Services,IXOB,Index,A,Annual,2019,IDX,Index,0,Units,2015_100,2015=100,109.4042
CAN,Canada,CPGRSE01,CPI: Services,IXOB,Index,A,Annual,2020,IDX,Index,0,Units,2015_100,2015=100,110.9746
CAN,Canada,CPGRSE01,CPI: Services,IXOB,Index,A,Annual,2021,IDX,Index,0,Units,2015_100,2015=100,113.5289
CAN,Canada,CPGRSE01,CPI: Services,IXOB,Index,A,Annual,2022,IDX,Index,0,Units,2015_100,2015=100,119.2178
CAN,Canada,CPGRSE01,CPI: Services,IXOB,Index,A,Annual,2023,IDX,Index,0,Units,2015_100,2015=100,124.6991
CAN,Canada,CPGREN01,CPI: Energy,IXOB,Index,A,Annual,1976,IDX,Index,0,Units,2015_100,2015=100,15.41678
CAN,Canada,CPGREN01,CPI: Energy,IXOB,Index,A,Annual,1977,IDX,Index,0,Units,2015_100,2015=100,17.29021
CAN,Canada,CPGREN01,CPI: Energy,IXOB,Index,A,Annual,1978,IDX,Index,0,Units,2015_100,2015=100,18.89601
CAN,Canada,CPGREN01,CPI: Energy,IXOB,Index,A,Annual,1979,IDX,Index,0,Units,2015_100,2015=100,20.73599
CAN,Canada,CPGREN01,CPI: Energy,IXOB,Index,A,Annual,1980,IDX,Index,0,Units,2015_100,2015=100,24.06468
CAN,Canada,CPGREN01,CPI: Energy,IXOB,Index,A,Annual,1981,IDX,Index,0,Units,2015_100,2015=100,31.29635
CAN,Canada,CPGREN01,CPI: Energy,IXOB,Index,A,Annual,1982,IDX,Index,0,Units,2015_100,2015=100,37.49094
CAN,Canada,CPGREN01,CPI: Energy,IXOB,Index,A,Annual,1983,IDX,Index,0,Units,2015_100,2015=100,40.40702
CAN,Canada,CPGREN01,CPI: Energy,IXOB,Index,A,Annual,1984,IDX,Index,0,Units,2015_100,2015=100,42.63173
CAN,Canada,CPGREN01,CPI: Energy,IXOB,Index,A,Annual,1985,IDX,Index,0,Units,2015_100,2015=100,45.01255
CAN,Canada,CPGREN01,CPI: Energy,IXOB,Index,A,Annual,1986,IDX,Index,0,Units,2015_100,2015=100,41.79537
CAN,Canada,CPGREN01,CPI: Energy,IXOB,Index,A,Annual,1987,IDX,Index,0,Units,2015_100,2015=100,42.88263
CAN,Canada,CPGREN01,CPI: Energy,IXOB,Index,A,Annual,1988,IDX,Index,0,Units,2015_100,2015=100,43.13911
CAN,Canada,CPGREN01,CPI: Energy,IXOB,Index,A,Annual,1989,IDX,Index,0,Units,2015_100,2015=100,44.62225
CAN,Canada,CPGREN01,CPI: Energy,IXOB,Index,A,Annual,1990,IDX,Index,0,Units,2015_100,2015=100,49.07722
CAN,Canada,CPGREN01,CPI: Energy,IXOB,Index,A,Annual,1991,IDX,Index,0,Units,2015_100,2015=100,51.48592
CAN,Canada,CPGREN01,CPI: Energy,IXOB,Index,A,Annual,1992,IDX,Index,0,Units,2015_100,2015=100,51.63089
CAN,Canada,CPGREN01,CPI: Energy,IXOB,Index,A,Annual,1993,IDX,Index,0,Units,2015_100,2015=100,52.26652
CAN,Canada,CPGREN01,CPI: Energy,IXOB,Index,A,Annual,1994,IDX,Index,0,Units,2015_100,2015=100,52.56203
CAN,Canada,CPGREN01,CPI: Energy,IXOB,Index,A,Annual,1995,IDX,Index,0,Units,2015_100,2015=100,53.24784
CAN,Canada,CPGREN01,CPI: Energy,IXOB,Index,A,Annual,1996,IDX,Index,0,Units,2015_100,2015=100,54.79788
CAN,Canada,CPGREN01,CPI: Energy,IXOB,Index,A,Annual,1997,IDX,Index,0,Units,2015_100,2015=100,56.11374
CAN,Canada,CPGREN01,CPI: Energy,IXOB,Index,A,Annual,1998,IDX,Index,0,Units,2015_100,2015=100,53.83886
CAN,Canada,CPGREN01,CPI: Energy,IXOB,Index,A,Annual,1999,IDX,Index,0,Units,2015_100,2015=100,56.88876
CAN,Canada,CPGREN01,CPI: Energy,IXOB,Index,A,Annual,2000,IDX,Index,0,Units,2015_100,2015=100,66.12211
CAN,Canada,CPGREN01,CPI: Energy,IXOB,Index,A,Annual,2001,IDX,Index,0,Units,2015_100,2015=100,68.26318
CAN,Canada,CPGREN01,CPI: Energy,IXOB,Index,A,Annual,2002,IDX,Index,0,Units,2015_100,2015=100,66.91386
CAN,Canada,CPGREN01,CPI: Energy,IXOB,Index,A,Annual,2003,IDX,Index,0,Units,2015_100,2015=100,72.18846
CAN,Canada,CPGREN01,CPI: Energy,IXOB,Index,A,Annual,2004,IDX,Index,0,Units,2015_100,2015=100,77.06718
CAN,Canada,CPGREN01,CPI: Energy,IXOB,Index,A,Annual,2005,IDX,Index,0,Units,2015_100,2015=100,84.51631
CAN,Canada,CPGREN01,CPI: Energy,IXOB,Index,A,Annual,2006,IDX,Index,0,Units,2015_100,2015=100,88.88207
CAN,Canada,CPGREN01,CPI: Energy,IXOB,Index,A,Annual,2007,IDX,Index,0,Units,2015_100,2015=100,90.95065
CAN,Canada,CPGREN01,CPI: Energy,IXOB,Index,A,Annual,2008,IDX,Index,0,Units,2015_100,2015=100,99.87733
CAN,Canada,CPGREN01,CPI: Energy,IXOB,Index,A,Annual,2009,IDX,Index,0,Units,2015_100,2015=100,86.43992
CAN,Canada,CPGREN01,CPI: Energy,IXOB,Index,A,Annual,2010,IDX,Index,0,Units,2015_100,2015=100,92.18288
CAN,Canada,CPGREN01,CPI: Energy,IXOB,Index,A,Annual,2011,IDX,Index,0,Units,2015_100,2015=100,103.4792
CAN,Canada,CPGREN01,CPI: Energy,IXOB,Index,A,Annual,2012,IDX,Index,0,Units,2015_100,2015=100,105.23
CAN,Canada,CPGREN01,CPI: Energy,IXOB,Index,A,Annual,2013,IDX,Index,0,Units,2015_100,2015=100,106.8135
CAN,Canada,CPGREN01,CPI: Energy,IXOB,Index,A,Annual,2014,IDX,Index,0,Units,2015_100,2015=100,110.5827
CAN,Canada,CPGREN01,CPI: Energy,IXOB,Index,A,Annual,2015,IDX,Index,0,Units,2015_100,2015=100,100
CAN,Canada,CPGREN01,CPI: Energy,IXOB,Index,A,Annual,2016,IDX,Index,0,Units,2015_100,2015=100,97.03931
CAN,Canada,CPGREN01,CPI: Energy,IXOB,Index,A,Annual,2017,IDX,Index,0,Units,2015_100,2015=100,102.1745
CAN,Canada,CPGREN01,CPI: Energy,IXOB,Index,A,Annual,2018,IDX,Index,0,Units,2015_100,2015=100,109.0159
CAN,Canada,CPGREN01,CPI: Energy,IXOB,Index,A,Annual,2019,IDX,Index,0,Units,2015_100,2015=100,106.6128
CAN,Canada,CPGREN01,CPI: Energy,IXOB,Index,A,Annual,2020,IDX,Index,0,Units,2015_100,2015=100,98.50014
CAN,Canada,CPGREN01,CPI: Energy,IXOB,Index,A,Annual,2021,IDX,Index,0,Units,2015_100,2015=100,117.0672
CAN,Canada,CPGREN01,CPI: Energy,IXOB,Index,A,Annual,2022,IDX,Index,0,Units,2015_100,2015=100,143.4681
CAN,Canada,CPGREN01,CPI: Energy,IXOB,Index,A,Annual,2023,IDX,Index,0,Units,2015_100,2015=100,137.4854
CAN,Canada,CPGRGO01,CPI: Goods,IXOB,Index,A,Annual,1976,IDX,Index,0,Units,2015_100,2015=100,27.93436
CAN,Canada,CPGRGO01,CPI: Goods,IXOB,Index,A,Annual,1977,IDX,Index,0,Units,2015_100,2015=100,30.0107
CAN,Canada,CPGRGO01,CPI: Goods,IXOB,Index,A,Annual,1978,IDX,Index,0,Units,2015_100,2015=100,33.0503
CAN,Canada,CPGRGO01,CPI: Goods,IXOB,Index,A,Annual,1979,IDX,Index,0,Units,2015_100,2015=100,36.55369
CAN,Canada,CPGRGO01,CPI: Goods,IXOB,Index,A,Annual,1980,IDX,Index,0,Units,2015_100,2015=100,40.73493
CAN,Canada,CPGRGO01,CPI: Goods,IXOB,Index,A,Annual,1981,IDX,Index,0,Units,2015_100,2015=100,46.0792
CAN,Canada,CPGRGO01,CPI: Goods,IXOB,Index,A,Annual,1982,IDX,Index,0,Units,2015_100,2015=100,50.40314
CAN,Canada,CPGRGO01,CPI: Goods,IXOB,Index,A,Annual,1983,IDX,Index,0,Units,2015_100,2015=100,53.12879
CAN,Canada,CPGRGO01,CPI: Goods,IXOB,Index,A,Annual,1984,IDX,Index,0,Units,2015_100,2015=100,55.59757
CAN,Canada,CPGRGO01,CPI: Goods,IXOB,Index,A,Annual,1985,IDX,Index,0,Units,2015_100,2015=100,57.75954
CAN,Canada,CPGRGO01,CPI: Goods,IXOB,Index,A,Annual,1986,IDX,Index,0,Units,2015_100,2015=100,59.736
CAN,Canada,CPGRGO01,CPI: Goods,IXOB,Index,A,Annual,1987,IDX,Index,0,Units,2015_100,2015=100,62.16197
CAN,Canada,CPGRGO01,CPI: Goods,IXOB,Index,A,Annual,1988,IDX,Index,0,Units,2015_100,2015=100,64.39529
CAN,Canada,CPGRGO01,CPI: Goods,IXOB,Index,A,Annual,1989,IDX,Index,0,Units,2015_100,2015=100,67.16375
CAN,Canada,CPGRGO01,CPI: Goods,IXOB,Index,A,Annual,1990,IDX,Index,0,Units,2015_100,2015=100,69.87514
CAN,Canada,CPGRGO01,CPI: Goods,IXOB,Index,A,Annual,1991,IDX,Index,0,Units,2015_100,2015=100,73.36425
CAN,Canada,CPGRGO01,CPI: Goods,IXOB,Index,A,Annual,1992,IDX,Index,0,Units,2015_100,2015=100,73.94934
CAN,Canada,CPGRGO01,CPI: Goods,IXOB,Index,A,Annual,1993,IDX,Index,0,Units,2015_100,2015=100,75.19086
CAN,Canada,CPGRGO01,CPI: Goods,IXOB,Index,A,Annual,1994,IDX,Index,0,Units,2015_100,2015=100,74.34177
CAN,Canada,CPGRGO01,CPI: Goods,IXOB,Index,A,Annual,1995,IDX,Index,0,Units,2015_100,2015=100,75.71174
CAN,Canada,CPGRGO01,CPI: Goods,IXOB,Index,A,Annual,1996,IDX,Index,0,Units,2015_100,2015=100,76.95326
CAN,Canada,CPGRGO01,CPI: Goods,IXOB,Index,A,Annual,1997,IDX,Index,0,Units,2015_100,2015=100,78.12344
CAN,Canada,CPGRGO01,CPI: Goods,IXOB,Index,A,Annual,1998,IDX,Index,0,Units,2015_100,2015=100,78.28755
CAN,Canada,CPGRGO01,CPI: Goods,IXOB,Index,A,Annual,1999,IDX,Index,0,Units,2015_100,2015=100,79.68605
CAN,Canada,CPGRGO01,CPI: Goods,IXOB,Index,A,Annual,2000,IDX,Index,0,Units,2015_100,2015=100,82.20478
CAN,Canada,CPGRGO01,CPI: Goods,IXOB,Index,A,Annual,2001,IDX,Index,0,Units,2015_100,2015=100,84.27399
CAN,Canada,CPGRGO01,CPI: Goods,IXOB,Index,A,Annual,2002,IDX,Index,0,Units,2015_100,2015=100,85.62255
CAN,Canada,CPGRGO01,CPI: Goods,IXOB,Index,A,Annual,2003,IDX,Index,0,Units,2015_100,2015=100,87.27078
CAN,Canada,CPGRGO01,CPI: Goods,IXOB,Index,A,Annual,2004,IDX,Index,0,Units,2015_100,2015=100,88.52658
CAN,Canada,CPGRGO01,CPI: Goods,IXOB,Index,A,Annual,2005,IDX,Index,0,Units,2015_100,2015=100,90.54585
CAN,Canada,CPGRGO01,CPI: Goods,IXOB,Index,A,Annual,2006,IDX,Index,0,Units,2015_100,2015=100,91.73743
CAN,Canada,CPGRGO01,CPI: Goods,IXOB,Index,A,Annual,2007,IDX,Index,0,Units,2015_100,2015=100,92.50089
CAN,Canada,CPGRGO01,CPI: Goods,IXOB,Index,A,Annual,2008,IDX,Index,0,Units,2015_100,2015=100,93.6568
CAN,Canada,CPGRGO01,CPI: Goods,IXOB,Index,A,Annual,2009,IDX,Index,0,Units,2015_100,2015=100,92.10845
CAN,Canada,CPGRGO01,CPI: Goods,IXOB,Index,A,Annual,2010,IDX,Index,0,Units,2015_100,2015=100,93.51409
CAN,Canada,CPGRGO01,CPI: Goods,IXOB,Index,A,Annual,2011,IDX,Index,0,Units,2015_100,2015=100,96.68926
CAN,Canada,CPGRGO01,CPI: Goods,IXOB,Index,A,Annual,2012,IDX,Index,0,Units,2015_100,2015=100,97.63111
CAN,Canada,CPGRGO01,CPI: Goods,IXOB,Index,A,Annual,2013,IDX,Index,0,Units,2015_100,2015=100,98.0949
CAN,Canada,CPGRGO01,CPI: Goods,IXOB,Index,A,Annual,2014,IDX,Index,0,Units,2015_100,2015=100,99.778809999999993
CAN,Canada,CPGRGO01,CPI: Goods,IXOB,Index,A,Annual,2015,IDX,Index,0,Units,2015_100,2015=100,100
CAN,Canada,CPGRGO01,CPI: Goods,IXOB,Index,A,Annual,2016,IDX,Index,0,Units,2015_100,2015=100,100.9418
CAN,Canada,CPGRGO01,CPI: Goods,IXOB,Index,A,Annual,2017,IDX,Index,0,Units,2015_100,2015=100,101.8195
CAN,Canada,CPGRGO01,CPI: Goods,IXOB,Index,A,Annual,2018,IDX,Index,0,Units,2015_100,2015=100,103.6532
CAN,Canada,CPGRGO01,CPI: Goods,IXOB,Index,A,Annual,2019,IDX,Index,0,Units,2015_100,2015=100,105.0161
CAN,Canada,CPGRGO01,CPI: Goods,IXOB,Index,A,Annual,2020,IDX,Index,0,Units,2015_100,2015=100,104.8448
CAN,Canada,CPGRGO01,CPI: Goods,IXOB,Index,A,Annual,2021,IDX,Index,0,Units,2015_100,2015=100,109.8466
CAN,Canada,CPGRGO01,CPI: Goods,IXOB,Index,A,Annual,2022,IDX,Index,0,Units,2015_100,2015=100,119.3792
CAN,Canada,CPGRGO01,CPI: Goods,IXOB,Index,A,Annual,2023,IDX,Index,0,Units,2015_100,2015=100,123.0824
CAN,Canada,CPGRLE01,CPI: All items non-food non-energy,IXOB,Index,A,Annual,1976,IDX,Index,0,Units,2015_100,2015=100,25.97539
CAN,Canada,CPGRLE01,CPI: All items non-food non-energy,IXOB,Index,A,Annual,1977,IDX,Index,0,Units,2015_100,2015=100,27.93498
CAN,Canada,CPGRLE01,CPI: All items non-food non-energy,IXOB,Index,A,Annual,1978,IDX,Index,0,Units,2015_100,2015=100,30.06802
CAN,Canada,CPGRLE01,CPI: All items non-food non-energy,IXOB,Index,A,Annual,1979,IDX,Index,0,Units,2015_100,2015=100,32.58284
CAN,Canada,CPGRLE01,CPI: All items non-food non-energy,IXOB,Index,A,Annual,1980,IDX,Index,0,Units,2015_100,2015=100,35.67435
CAN,Canada,CPGRLE01,CPI: All items non-food non-energy,IXOB,Index,A,Annual,1981,IDX,Index,0,Units,2015_100,2015=100,39.64063
CAN,Canada,CPGRLE01,CPI: All items non-food non-energy,IXOB,Index,A,Annual,1982,IDX,Index,0,Units,2015_100,2015=100,43.88022
CAN,Canada,CPGRLE01,CPI: All items non-food non-energy,IXOB,Index,A,Annual,1983,IDX,Index,0,Units,2015_100,2015=100,46.59106
CAN,Canada,CPGRLE01,CPI: All items non-food non-energy,IXOB,Index,A,Annual,1984,IDX,Index,0,Units,2015_100,2015=100,48.39845
CAN,Canada,CPGRLE01,CPI: All items non-food non-energy,IXOB,Index,A,Annual,1985,IDX,Index,0,Units,2015_100,2015=100,50.35783
CAN,Canada,CPGRLE01,CPI: All items non-food non-energy,IXOB,Index,A,Annual,1986,IDX,Index,0,Units,2015_100,2015=100,53.0217
CAN,Canada,CPGRLE01,CPI: All items non-food non-energy,IXOB,Index,A,Annual,1987,IDX,Index,0,Units,2015_100,2015=100,55.40405
CAN,Canada,CPGRLE01,CPI: All items non-food non-energy,IXOB,Index,A,Annual,1988,IDX,Index,0,Units,2015_100,2015=100,58.00721
CAN,Canada,CPGRLE01,CPI: All items non-food non-energy,IXOB,Index,A,Annual,1989,IDX,Index,0,Units,2015_100,2015=100,61.15856
CAN,Canada,CPGRLE01,CPI: All items non-food non-energy,IXOB,Index,A,Annual,1990,IDX,Index,0,Units,2015_100,2015=100,63.88537
CAN,Canada,CPGRLE01,CPI: All items non-food non-energy,IXOB,Index,A,Annual,1991,IDX,Index,0,Units,2015_100,2015=100,67.86492
CAN,Canada,CPGRLE01,CPI: All items non-food non-energy,IXOB,Index,A,Annual,1992,IDX,Index,0,Units,2015_100,2015=100,69.25912
CAN,Canada,CPGRLE01,CPI: All items non-food non-energy,IXOB,Index,A,Annual,1993,IDX,Index,0,Units,2015_100,2015=100,70.59578
CAN,Canada,CPGRLE01,CPI: All items non-food non-energy,IXOB,Index,A,Annual,1994,IDX,Index,0,Units,2015_100,2015=100,70.69424
CAN,Canada,CPGRLE01,CPI: All items non-food non-energy,IXOB,Index,A,Annual,1995,IDX,Index,0,Units,2015_100,2015=100,72.21291
CAN,Canada,CPGRLE01,CPI: All items non-food non-energy,IXOB,Index,A,Annual,1996,IDX,Index,0,Units,2015_100,2015=100,73.30492
CAN,Canada,CPGRLE01,CPI: All items non-food non-energy,IXOB,Index,A,Annual,1997,IDX,Index,0,Units,2015_100,2015=100,74.48308
CAN,Canada,CPGRLE01,CPI: All items non-food non-energy,IXOB,Index,A,Annual,1998,IDX,Index,0,Units,2015_100,2015=100,75.52438
CAN,Canada,CPGRLE01,CPI: All items non-food non-energy,IXOB,Index,A,Annual,1999,IDX,Index,0,Units,2015_100,2015=100,76.64147
CAN,Canada,CPGRLE01,CPI: All items non-food non-energy,IXOB,Index,A,Annual,2000,IDX,Index,0,Units,2015_100,2015=100,77.92907
CAN,Canada,CPGRLE01,CPI: All items non-food non-energy,IXOB,Index,A,Annual,2001,IDX,Index,0,Units,2015_100,2015=100,79.55843
CAN,Canada,CPGRLE01,CPI: All items non-food non-energy,IXOB,Index,A,Annual,2002,IDX,Index,0,Units,2015_100,2015=100,81.6945
CAN,Canada,CPGRLE01,CPI: All items non-food non-energy,IXOB,Index,A,Annual,2003,IDX,Index,0,Units,2015_100,2015=100,83.67143
CAN,Canada,CPGRLE01,CPI: All items non-food non-energy,IXOB,Index,A,Annual,2004,IDX,Index,0,Units,2015_100,2015=100,84.79322
CAN,Canada,CPGRLE01,CPI: All items non-food non-energy,IXOB,Index,A,Annual,2005,IDX,Index,0,Units,2015_100,2015=100,85.9435
CAN,Canada,CPGRLE01,CPI: All items non-food non-energy,IXOB,Index,A,Annual,2006,IDX,Index,0,Units,2015_100,2015=100,87.03742
CAN,Canada,CPGRLE01,CPI: All items non-food non-energy,IXOB,Index,A,Annual,2007,IDX,Index,0,Units,2015_100,2015=100,88.81277
CAN,Canada,CPGRLE01,CPI: All items non-food non-energy,IXOB,Index,A,Annual,2008,IDX,Index,0,Units,2015_100,2015=100,89.75859
CAN,Canada,CPGRLE01,CPI: All items non-food non-energy,IXOB,Index,A,Annual,2009,IDX,Index,0,Units,2015_100,2015=100,91.27345
CAN,Canada,CPGRLE01,CPI: All items non-food non-energy,IXOB,Index,A,Annual,2010,IDX,Index,0,Units,2015_100,2015=100,92.49209
CAN,Canada,CPGRLE01,CPI: All items non-food non-energy,IXOB,Index,A,Annual,2011,IDX,Index,0,Units,2015_100,2015=100,93.81718
CAN,Canada,CPGRLE01,CPI: All items non-food non-energy,IXOB,Index,A,Annual,2012,IDX,Index,0,Units,2015_100,2015=100,95.08836
CAN,Canada,CPGRLE01,CPI: All items non-food non-energy,IXOB,Index,A,Annual,2013,IDX,Index,0,Units,2015_100,2015=100,95.87611
CAN,Canada,CPGRLE01,CPI: All items non-food non-energy,IXOB,Index,A,Annual,2014,IDX,Index,0,Units,2015_100,2015=100,97.37438
CAN,Canada,CPGRLE01,CPI: All items non-food non-energy,IXOB,Index,A,Annual,2015,IDX,Index,0,Units,2015_100,2015=100,100
CAN,Canada,CPGRLE01,CPI: All items non-food non-energy,IXOB,Index,A,Annual,2016,IDX,Index,0,Units,2015_100,2015=100,101.9237
CAN,Canada,CPGRLE01,CPI: All items non-food non-energy,IXOB,Index,A,Annual,2017,IDX,Index,0,Units,2015_100,2015=100,103.5711
CAN,Canada,CPGRLE01,CPI: All items non-food non-energy,IXOB,Index,A,Annual,2018,IDX,Index,0,Units,2015_100,2015=100,105.7295
CAN,Canada,CPGRLE01,CPI: All items non-food non-energy,IXOB,Index,A,Annual,2019,IDX,Index,0,Units,2015_100,2015=100,107.9387
CAN,Canada,CPGRLE01,CPI: All items non-food non-energy,IXOB,Index,A,Annual,2020,IDX,Index,0,Units,2015_100,2015=100,109.2199
CAN,Canada,CPGRLE01,CPI: All items non-food non-energy,IXOB,Index,A,Annual,2021,IDX,Index,0,Units,2015_100,2015=100,111.8382
CAN,Canada,CPGRLE01,CPI: All items non-food non-energy,IXOB,Index,A,Annual,2022,IDX,Index,0,Units,2015_100,2015=100,117.5219
CAN,Canada,CPGRLE01,CPI: All items non-food non-energy,IXOB,Index,A,Annual,2023,IDX,Index,0,Units,2015_100,2015=100,122.3707
CAN,Canada,CPGRHO01,CPI: Housing,IXOB,Index,A,Annual,1976,IDX,Index,0,Units,2015_100,2015=100,27.17033
CAN,Canada,CPGRHO01,CPI: Housing,IXOB,Index,A,Annual,1977,IDX,Index,0,Units,2015_100,2015=100,29.73012
CAN,Canada,CPGRHO01,CPI: Housing,IXOB,Index,A,Annual,1978,IDX,Index,0,Units,2015_100,2015=100,31.93454
CAN,Canada,CPGRHO01,CPI: Housing,IXOB,Index,A,Annual,1979,IDX,Index,0,Units,2015_100,2015=100,33.75558
CAN,Canada,CPGRHO01,CPI: Housing,IXOB,Index,A,Annual,1980,IDX,Index,0,Units,2015_100,2015=100,36.02579
CAN,Canada,CPGRHO01,CPI: Housing,IXOB,Index,A,Annual,1981,IDX,Index,0,Units,2015_100,2015=100,39.97755
CAN,Canada,CPGRHO01,CPI: Housing,IXOB,Index,A,Annual,1982,IDX,Index,0,Units,2015_100,2015=100,44.90522
CAN,Canada,CPGRHO01,CPI: Housing,IXOB,Index,A,Annual,1983,IDX,Index,0,Units,2015_100,2015=100,47.94333
CAN,Canada,CPGRHO01,CPI: Housing,IXOB,Index,A,Annual,1984,IDX,Index,0,Units,2015_100,2015=100,49.64055
CAN,Canada,CPGRHO01,CPI: Housing,IXOB,Index,A,Annual,1985,IDX,Index,0,Units,2015_100,2015=100,51.215
CAN,Canada,CPGRHO01,CPI: Housing,IXOB,Index,A,Annual,1986,IDX,Index,0,Units,2015_100,2015=100,53.1854
CAN,Canada,CPGRHO01,CPI: Housing,IXOB,Index,A,Annual,1987,IDX,Index,0,Units,2015_100,2015=100,56.12088
CAN,Canada,CPGRHO01,CPI: Housing,IXOB,Index,A,Annual,1988,IDX,Index,0,Units,2015_100,2015=100,58.96375
CAN,Canada,CPGRHO01,CPI: Housing,IXOB,Index,A,Annual,1989,IDX,Index,0,Units,2015_100,2015=100,63.04305
CAN,Canada,CPGRHO01,CPI: Housing,IXOB,Index,A,Annual,1990,IDX,Index,0,Units,2015_100,2015=100,66.75883
CAN,Canada,CPGRHO01,CPI: Housing,IXOB,Index,A,Annual,1991,IDX,Index,0,Units,2015_100,2015=100,69.07957
CAN,Canada,CPGRHO01,CPI: Housing,IXOB,Index,A,Annual,1992,IDX,Index,0,Units,2015_100,2015=100,69.83465
CAN,Canada,CPGRHO01,CPI: Housing,IXOB,Index,A,Annual,1993,IDX,Index,0,Units,2015_100,2015=100,70.36851
CAN,Canada,CPGRHO01,CPI: Housing,IXOB,Index,A,Annual,1994,IDX,Index,0,Units,2015_100,2015=100,70.22205
CAN,Canada,CPGRHO01,CPI: Housing,IXOB,Index,A,Annual,1995,IDX,Index,0,Units,2015_100,2015=100,71.25776
CAN,Canada,CPGRHO01,CPI: Housing,IXOB,Index,A,Annual,1996,IDX,Index,0,Units,2015_100,2015=100,71.14426
CAN,Canada,CPGRHO01,CPI: Housing,IXOB,Index,A,Annual,1997,IDX,Index,0,Units,2015_100,2015=100,70.8624
CAN,Canada,CPGRHO01,CPI: Housing,IXOB,Index,A,Annual,1998,IDX,Index,0,Units,2015_100,2015=100,71.13318
CAN,Canada,CPGRHO01,CPI: Housing,IXOB,Index,A,Annual,1999,IDX,Index,0,Units,2015_100,2015=100,71.9033
CAN,Canada,CPGRHO01,CPI: Housing,IXOB,Index,A,Annual,2000,IDX,Index,0,Units,2015_100,2015=100,73.47744
CAN,Canada,CPGRHO01,CPI: Housing,IXOB,Index,A,Annual,2001,IDX,Index,0,Units,2015_100,2015=100,75.30375
CAN,Canada,CPGRHO01,CPI: Housing,IXOB,Index,A,Annual,2002,IDX,Index,0,Units,2015_100,2015=100,76.63609
CAN,Canada,CPGRHO01,CPI: Housing,IXOB,Index,A,Annual,2003,IDX,Index,0,Units,2015_100,2015=100,78.61825
CAN,Canada,CPGRHO01,CPI: Housing,IXOB,Index,A,Annual,2004,IDX,Index,0,Units,2015_100,2015=100,80.43971
CAN,Canada,CPGRHO01,CPI: Housing,IXOB,Index,A,Annual,2005,IDX,Index,0,Units,2015_100,2015=100,82.41753
CAN,Canada,CPGRHO01,CPI: Housing,IXOB,Index,A,Annual,2006,IDX,Index,0,Units,2015_100,2015=100,85.11945
CAN,Canada,CPGRHO01,CPI: Housing,IXOB,Index,A,Annual,2007,IDX,Index,0,Units,2015_100,2015=100,88.53394
CAN,Canada,CPGRHO01,CPI: Housing,IXOB,Index,A,Annual,2008,IDX,Index,0,Units,2015_100,2015=100,91.85341
CAN,Canada,CPGRHO01,CPI: Housing,IXOB,Index,A,Annual,2009,IDX,Index,0,Units,2015_100,2015=100,92.94583
CAN,Canada,CPGRHO01,CPI: Housing,IXOB,Index,A,Annual,2010,IDX,Index,0,Units,2015_100,2015=100,93.68552
CAN,Canada,CPGRHO01,CPI: Housing,IXOB,Index,A,Annual,2011,IDX,Index,0,Units,2015_100,2015=100,94.97421
CAN,Canada,CPGRHO01,CPI: Housing,IXOB,Index,A,Annual,2012,IDX,Index,0,Units,2015_100,2015=100,96.13824
CAN,Canada,CPGRHO01,CPI: Housing,IXOB,Index,A,Annual,2013,IDX,Index,0,Units,2015_100,2015=100,96.8929
CAN,Canada,CPGRHO01,CPI: Housing,IXOB,Index,A,Annual,2014,IDX,Index,0,Units,2015_100,2015=100,98.5137
CAN,Canada,CPGRHO01,CPI: Housing,IXOB,Index,A,Annual,2015,IDX,Index,0,Units,2015_100,2015=100,100
CAN,Canada,CPGRHO01,CPI: Housing,IXOB,Index,A,Annual,2016,IDX,Index,0,Units,2015_100,2015=100,101.6889
CAN,Canada,CPGRHO01,CPI: Housing,IXOB,Index,A,Annual,2017,IDX,Index,0,Units,2015_100,2015=100,103.6996
CAN,Canada,CPGRHO01,CPI: Housing,IXOB,Index,A,Annual,2018,IDX,Index,0,Units,2015_100,2015=100,105.9801
CAN,Canada,CPGRHO01,CPI: Housing,IXOB,Index,A,Annual,2019,IDX,Index,0,Units,2015_100,2015=100,108.7404
CAN,Canada,CPGRHO01,CPI: Housing,IXOB,Index,A,Annual,2020,IDX,Index,0,Units,2015_100,2015=100,110.9443
CAN,Canada,CPGRHO01,CPI: Housing,IXOB,Index,A,Annual,2021,IDX,Index,0,Units,2015_100,2015=100,114.7275
CAN,Canada,CPGRHO01,CPI: Housing,IXOB,Index,A,Annual,2022,IDX,Index,0,Units,2015_100,2015=100,121.8288
CAN,Canada,CPGRHO01,CPI: Housing,IXOB,Index,A,Annual,2023,IDX,Index,0,Units,2015_100,2015=100,129.2238
CAN,Canada,CPGRLH01,CPI: Services less housing,IXOB,Index,A,Annual,1976,IDX,Index,0,Units,2015_100,2015=100,17.19605
CAN,Canada,CPGRLH01,CPI: Services less housing,IXOB,Index,A,Annual,1977,IDX,Index,0,Units,2015_100,2015=100,18.65605
CAN,Canada,CPGRLH01,CPI: Services less housing,IXOB,Index,A,Annual,1978,IDX,Index,0,Units,2015_100,2015=100,19.8134
CAN,Canada,CPGRLH01,CPI: Services less housing,IXOB,Index,A,Annual,1979,IDX,Index,0,Units,2015_100,2015=100,21.57774
CAN,Canada,CPGRLH01,CPI: Services less housing,IXOB,Index,A,Annual,1980,IDX,Index,0,Units,2015_100,2015=100,23.8356
CAN,Canada,CPGRLH01,CPI: Services less housing,IXOB,Index,A,Annual,1981,IDX,Index,0,Units,2015_100,2015=100,26.79206
CAN,Canada,CPGRLH01,CPI: Services less housing,IXOB,Index,A,Annual,1982,IDX,Index,0,Units,2015_100,2015=100,30.55873
CAN,Canada,CPGRLH01,CPI: Services less housing,IXOB,Index,A,Annual,1983,IDX,Index,0,Units,2015_100,2015=100,32.37393
CAN,Canada,CPGRLH01,CPI: Services less housing,IXOB,Index,A,Annual,1984,IDX,Index,0,Units,2015_100,2015=100,33.70473
CAN,Canada,CPGRLH01,CPI: Services less housing,IXOB,Index,A,Annual,1985,IDX,Index,0,Units,2015_100,2015=100,35.36122
CAN,Canada,CPGRLH01,CPI: Services less housing,IXOB,Index,A,Annual,1986,IDX,Index,0,Units,2015_100,2015=100,37.77566
CAN,Canada,CPGRLH01,CPI: Services less housing,IXOB,Index,A,Annual,1987,IDX,Index,0,Units,2015_100,2015=100,39.19072
CAN,Canada,CPGRLH01,CPI: Services less housing,IXOB,Index,A,Annual,1988,IDX,Index,0,Units,2015_100,2015=100,40.81774
CAN,Canada,CPGRLH01,CPI: Services less housing,IXOB,Index,A,Annual,1989,IDX,Index,0,Units,2015_100,2015=100,42.57149
CAN,Canada,CPGRLH01,CPI: Services less housing,IXOB,Index,A,Annual,1990,IDX,Index,0,Units,2015_100,2015=100,44.85846
CAN,Canada,CPGRLH01,CPI: Services less housing,IXOB,Index,A,Annual,1991,IDX,Index,0,Units,2015_100,2015=100,49.41064
CAN,Canada,CPGRLH01,CPI: Services less housing,IXOB,Index,A,Annual,1992,IDX,Index,0,Units,2015_100,2015=100,51.23069
CAN,Canada,CPGRLH01,CPI: Services less housing,IXOB,Index,A,Annual,1993,IDX,Index,0,Units,2015_100,2015=100,53.06839
CAN,Canada,CPGRLH01,CPI: Services less housing,IXOB,Index,A,Annual,1994,IDX,Index,0,Units,2015_100,2015=100,55.12281
CAN,Canada,CPGRLH01,CPI: Services less housing,IXOB,Index,A,Annual,1995,IDX,Index,0,Units,2015_100,2015=100,57.19464
CAN,Canada,CPGRLH01,CPI: Services less housing,IXOB,Index,A,Annual,1996,IDX,Index,0,Units,2015_100,2015=100,59.11132
CAN,Canada,CPGRLH01,CPI: Services less housing,IXOB,Index,A,Annual,1997,IDX,Index,0,Units,2015_100,2015=100,61.55359
CAN,Canada,CPGRLH01,CPI: Services less housing,IXOB,Index,A,Annual,1998,IDX,Index,0,Units,2015_100,2015=100,63.51327
CAN,Canada,CPGRLH01,CPI: Services less housing,IXOB,Index,A,Annual,1999,IDX,Index,0,Units,2015_100,2015=100,64.92397
CAN,Canada,CPGRLH01,CPI: Services less housing,IXOB,Index,A,Annual,2000,IDX,Index,0,Units,2015_100,2015=100,66.54488
CAN,Canada,CPGRLH01,CPI: Services less housing,IXOB,Index,A,Annual,2001,IDX,Index,0,Units,2015_100,2015=100,68.26369
CAN,Canada,CPGRLH01,CPI: Services less housing,IXOB,Index,A,Annual,2002,IDX,Index,0,Units,2015_100,2015=100,71.02615
CAN,Canada,CPGRLH01,CPI: Services less housing,IXOB,Index,A,Annual,2003,IDX,Index,0,Units,2015_100,2015=100,74.14293
CAN,Canada,CPGRLH01,CPI: Services less housing,IXOB,Index,A,Annual,2004,IDX,Index,0,Units,2015_100,2015=100,75.73695
CAN,Canada,CPGRLH01,CPI: Services less housing,IXOB,Index,A,Annual,2005,IDX,Index,0,Units,2015_100,2015=100,77.24481
CAN,Canada,CPGRLH01,CPI: Services less housing,IXOB,Index,A,Annual,2006,IDX,Index,0,Units,2015_100,2015=100,78.75611
CAN,Canada,CPGRLH01,CPI: Services less housing,IXOB,Index,A,Annual,2007,IDX,Index,0,Units,2015_100,2015=100,80.97462
CAN,Canada,CPGRLH01,CPI: Services less housing,IXOB,Index,A,Annual,2008,IDX,Index,0,Units,2015_100,2015=100,83.46961
CAN,Canada,CPGRLH01,CPI: Services less housing,IXOB,Index,A,Annual,2009,IDX,Index,0,Units,2015_100,2015=100,85.85004
CAN,Canada,CPGRLH01,CPI: Services less housing,IXOB,Index,A,Annual,2010,IDX,Index,0,Units,2015_100,2015=100,88.54869
CAN,Canada,CPGRLH01,CPI: Services less housing,IXOB,Index,A,Annual,2011,IDX,Index,0,Units,2015_100,2015=100,91.51344
CAN,Canada,CPGRLH01,CPI: Services less housing,IXOB,Index,A,Annual,2012,IDX,Index,0,Units,2015_100,2015=100,93.86191
CAN,Canada,CPGRLH01,CPI: Services less housing,IXOB,Index,A,Annual,2013,IDX,Index,0,Units,2015_100,2015=100,95.54115
CAN,Canada,CPGRLH01,CPI: Services less housing,IXOB,Index,A,Annual,2014,IDX,Index,0,Units,2015_100,2015=100,97.78898
CAN,Canada,CPGRLH01,CPI: Services less housing,IXOB,Index,A,Annual,2015,IDX,Index,0,Units,2015_100,2015=100,100
CAN,Canada,CPGRLH01,CPI: Services less housing,IXOB,Index,A,Annual,2016,IDX,Index,0,Units,2015_100,2015=100,101.9566
CAN,Canada,CPGRLH01,CPI: Services less housing,IXOB,Index,A,Annual,2017,IDX,Index,0,Units,2015_100,2015=100,104.3947
CAN,Canada,CPGRLH01,CPI: Services less housing,IXOB,Index,A,Annual,2018,IDX,Index,0,Units,2015_100,2015=100,107.456
CAN,Canada,CPGRLH01,CPI: Services less housing,IXOB,Index,A,Annual,2019,IDX,Index,0,Units,2015_100,2015=100,109.8256
CAN,Canada,CPGRLH01,CPI: Services less housing,IXOB,Index,A,Annual,2020,IDX,Index,0,Units,2015_100,2015=100,110.9818
CAN,Canada,CPGRLH01,CPI: Services less housing,IXOB,Index,A,Annual,2021,IDX,Index,0,Units,2015_100,2015=100,112.6449
CAN,Canada,CPGRLH01,CPI: Services less housing,IXOB,Index,A,Annual,2022,IDX,Index,0,Units,2015_100,2015=100,117.2408
CAN,Canada,CPGRLH01,CPI: Services less housing,IXOB,Index,A,Annual,2023,IDX,Index,0,Units,2015_100,2015=100,121.3748
CAN,Canada,CP020000,"CPI: 02 - Alcoholic beverages, tobacco and narcotics",IXOB,Index,A,Annual,2015,IDX,Index,0,Units,2015_100,2015=100,100
CAN,Canada,CP020000,"CPI: 02 - Alcoholic beverages, tobacco and narcotics",IXOB,Index,A,Annual,2016,IDX,Index,0,Units,2015_100,2015=100,103.4159
CAN,Canada,CP020000,"CPI: 02 - Alcoholic beverages, tobacco and narcotics",IXOB,Index,A,Annual,2017,IDX,Index,0,Units,2015_100,2015=100,106.497
CAN,Canada,CP020000,"CPI: 02 - Alcoholic beverages, tobacco and narcotics",IXOB,Index,A,Annual,2018,IDX,Index,0,Units,2015_100,2015=100,111.3633
CAN,Canada,CP020000,"CPI: 02 - Alcoholic beverages, tobacco and narcotics",IXOB,Index,A,Annual,2019,IDX,Index,0,Units,2015_100,2015=100,113.6294
CAN,Canada,CP020000,"CPI: 02 - Alcoholic beverages, tobacco and narcotics",IXOB,Index,A,Annual,2020,IDX,Index,0,Units,2015_100,2015=100,113.787
CAN,Canada,CP020000,"CPI: 02 - Alcoholic beverages, tobacco and narcotics",IXOB,Index,A,Annual,2021,IDX,Index,0,Units,2015_100,2015=100,116.466
CAN,Canada,CP020000,"CPI: 02 - Alcoholic beverages, tobacco and narcotics",IXOB,Index,A,Annual,2022,IDX,Index,0,Units,2015_100,2015=100,120.721
CAN,Canada,CP020000,"CPI: 02 - Alcoholic beverages, tobacco and narcotics",IXOB,Index,A,Annual,2023,IDX,Index,0,Units,2015_100,2015=100,126.6796
CAN,Canada,CP030000,CPI: 03 - Clothing and footwear,IXOB,Index,A,Annual,2015,IDX,Index,0,Units,2015_100,2015=100,100
CAN,Canada,CP030000,CPI: 03 - Clothing and footwear,IXOB,Index,A,Annual,2016,IDX,Index,0,Units,2015_100,2015=100,99.56002
CAN,Canada,CP030000,CPI: 03 - Clothing and footwear,IXOB,Index,A,Annual,2017,IDX,Index,0,Units,2015_100,2015=100,98.86319
CAN,Canada,CP030000,CPI: 03 - Clothing and footwear,IXOB,Index,A,Annual,2018,IDX,Index,0,Units,2015_100,2015=100,99.77927
CAN,Canada,CP030000,CPI: 03 - Clothing and footwear,IXOB,Index,A,Annual,2019,IDX,Index,0,Units,2015_100,2015=100,101.2498
CAN,Canada,CP030000,CPI: 03 - Clothing and footwear,IXOB,Index,A,Annual,2020,IDX,Index,0,Units,2015_100,2015=100,99.35532
CAN,Canada,CP030000,CPI: 03 - Clothing and footwear,IXOB,Index,A,Annual,2021,IDX,Index,0,Units,2015_100,2015=100,98.50159
CAN,Canada,CP030000,CPI: 03 - Clothing and footwear,IXOB,Index,A,Annual,2022,IDX,Index,0,Units,2015_100,2015=100,99.69087
CAN,Canada,CP030000,CPI: 03 - Clothing and footwear,IXOB,Index,A,Annual,2023,IDX,Index,0,Units,2015_100,2015=100,100.7034
CAN,Canada,CP040000,"CPI: 04 - Housing, water, electricity, gas and other fuels",IXOB,Index,A,Annual,2015,IDX,Index,0,Units,2015_100,2015=100,100
CAN,Canada,CP040000,"CPI: 04 - Housing, water, electricity, gas and other fuels",IXOB,Index,A,Annual,2016,IDX,Index,0,Units,2015_100,2015=100,101.4257
CAN,Canada,CP040000,"CPI: 04 - Housing, water, electricity, gas and other fuels",IXOB,Index,A,Annual,2017,IDX,Index,0,Units,2015_100,2015=100,103.0126
CAN,Canada,CP040000,"CPI: 04 - Housing, water, electricity, gas and other fuels",IXOB,Index,A,Annual,2018,IDX,Index,0,Units,2015_100,2015=100,104.9652
CAN,Canada,CP040000,"CPI: 04 - Housing, water, electricity, gas and other fuels",IXOB,Index,A,Annual,2019,IDX,Index,0,Units,2015_100,2015=100,107.5575
CAN,Canada,CP040000,"CPI: 04 - Housing, water, electricity, gas and other fuels",IXOB,Index,A,Annual,2020,IDX,Index,0,Units,2015_100,2015=100,109.1605
CAN,Canada,CP040000,"CPI: 04 - Housing, water, electricity, gas and other fuels",IXOB,Index,A,Annual,2021,IDX,Index,0,Units,2015_100,2015=100,112.8918
CAN,Canada,CP040000,"CPI: 04 - Housing, water, electricity, gas and other fuels",IXOB,Index,A,Annual,2022,IDX,Index,0,Units,2015_100,2015=100,120.2451
CAN,Canada,CP040000,"CPI: 04 - Housing, water, electricity, gas and other fuels",IXOB,Index,A,Annual,2023,IDX,Index,0,Units,2015_100,2015=100,127.7812
CAN,Canada,CP050000,"CPI: 05 - Furnishings, household equipment and routine household maintenance",IXOB,Index,A,Annual,2015,IDX,Index,0,Units,2015_100,2015=100,100
CAN,Canada,CP050000,"CPI: 05 - Furnishings, household equipment and routine household maintenance",IXOB,Index,A,Annual,2016,IDX,Index,0,Units,2015_100,2015=100,102.3208
CAN,Canada,CP050000,"CPI: 05 - Furnishings, household equipment and routine household maintenance",IXOB,Index,A,Annual,2017,IDX,Index,0,Units,2015_100,2015=100,102.4291
CAN,Canada,CP050000,"CPI: 05 - Furnishings, household equipment and routine household maintenance",IXOB,Index,A,Annual,2018,IDX,Index,0,Units,2015_100,2015=100,103.5793
CAN,Canada,CP050000,"CPI: 05 - Furnishings, household equipment and routine household maintenance",IXOB,Index,A,Annual,2019,IDX,Index,0,Units,2015_100,2015=100,104.8356
CAN,Canada,CP050000,"CPI: 05 - Furnishings, household equipment and routine household maintenance",IXOB,Index,A,Annual,2020,IDX,Index,0,Units,2015_100,2015=100,106.8565
CAN,Canada,CP050000,"CPI: 05 - Furnishings, household equipment and routine household maintenance",IXOB,Index,A,Annual,2021,IDX,Index,0,Units,2015_100,2015=100,111.0682
CAN,Canada,CP050000,"CPI: 05 - Furnishings, household equipment and routine household maintenance",IXOB,Index,A,Annual,2022,IDX,Index,0,Units,2015_100,2015=100,118.6712
CAN,Canada,CP050000,"CPI: 05 - Furnishings, household equipment and routine household maintenance",IXOB,Index,A,Annual,2023,IDX,Index,0,Units,2015_100,2015=100,119.6828
CAN,Canada,CP060000,CPI: 06 - Health,IXOB,Index,A,Annual,2015,IDX,Index,0,Units,2015_100,2015=100,100
CAN,Canada,CP060000,CPI: 06 - Health,IXOB,Index,A,Annual,2016,IDX,Index,0,Units,2015_100,2015=100,101.2899
CAN,Canada,CP060000,CPI: 06 - Health,IXOB,Index,A,Annual,2017,IDX,Index,0,Units,2015_100,2015=100,103.1969
CAN,Canada,CP060000,CPI: 06 - Health,IXOB,Index,A,Annual,2018,IDX,Index,0,Units,2015_100,2015=100,104.0651
CAN,Canada,CP060000,CPI: 06 - Health,IXOB,Index,A,Annual,2019,IDX,Index,0,Units,2015_100,2015=100,105.264
CAN,Canada,CP060000,CPI: 06 - Health,IXOB,Index,A,Annual,2020,IDX,Index,0,Units,2015_100,2015=100,106.8079
CAN,Canada,CP060000,CPI: 06 - Health,IXOB,Index,A,Annual,2021,IDX,Index,0,Units,2015_100,2015=100,108.9682
CAN,Canada,CP060000,CPI: 06 - Health,IXOB,Index,A,Annual,2022,IDX,Index,0,Units,2015_100,2015=100,111.9779
CAN,Canada,CP060000,CPI: 06 - Health,IXOB,Index,A,Annual,2023,IDX,Index,0,Units,2015_100,2015=100,117.0629
CAN,Canada,CP070000,CPI: 07 - Transport,IXOB,Index,A,Annual,2015,IDX,Index,0,Units,2015_100,2015=100,100
CAN,Canada,CP070000,CPI: 07 - Transport,IXOB,Index,A,Annual,2016,IDX,Index,0,Units,2015_100,2015=100,101.338
CAN,Canada,CP070000,CPI: 07 - Transport,IXOB,Index,A,Annual,2017,IDX,Index,0,Units,2015_100,2015=100,105.6735
CAN,Canada,CP070000,CPI: 07 - Transport,IXOB,Index,A,Annual,2018,IDX,Index,0,Units,2015_100,2015=100,111.1116
CAN,Canada,CP070000,CPI: 07 - Transport,IXOB,Index,A,Annual,2019,IDX,Index,0,Units,2015_100,2015=100,112.2699
CAN,Canada,CP070000,CPI: 07 - Transport,IXOB,Index,A,Annual,2020,IDX,Index,0,Units,2015_100,2015=100,110.5401
CAN,Canada,CP070000,CPI: 07 - Transport,IXOB,Index,A,Annual,2021,IDX,Index,0,Units,2015_100,2015=100,120.4435
CAN,Canada,CP070000,CPI: 07 - Transport,IXOB,Index,A,Annual,2022,IDX,Index,0,Units,2015_100,2015=100,134.5891
CAN,Canada,CP070000,CPI: 07 - Transport,IXOB,Index,A,Annual,2023,IDX,Index,0,Units,2015_100,2015=100,134.8849
CAN,Canada,CP080000,CPI: 08 - Communication,IXOB,Index,A,Annual,2015,IDX,Index,0,Units,2015_100,2015=100,100
CAN,Canada,CP080000,CPI: 08 - Communication,IXOB,Index,A,Annual,2016,IDX,Index,0,Units,2015_100,2015=100,99.96095
CAN,Canada,CP080000,CPI: 08 - Communication,IXOB,Index,A,Annual,2017,IDX,Index,0,Units,2015_100,2015=100,99.23885
CAN,Canada,CP080000,CPI: 08 - Communication,IXOB,Index,A,Annual,2018,IDX,Index,0,Units,2015_100,2015=100,99.04871
CAN,Canada,CP080000,CPI: 08 - Communication,IXOB,Index,A,Annual,2019,IDX,Index,0,Units,2015_100,2015=100,96.54376
CAN,Canada,CP080000,CPI: 08 - Communication,IXOB,Index,A,Annual,2020,IDX,Index,0,Units,2015_100,2015=100,91.01942
CAN,Canada,CP080000,CPI: 08 - Communication,IXOB,Index,A,Annual,2021,IDX,Index,0,Units,2015_100,2015=100,84.27531
CAN,Canada,CP080000,CPI: 08 - Communication,IXOB,Index,A,Annual,2022,IDX,Index,0,Units,2015_100,2015=100,82.01012
CAN,Canada,CP080000,CPI: 08 - Communication,IXOB,Index,A,Annual,2023,IDX,Index,0,Units,2015_100,2015=100,76.80181
CAN,Canada,CP090000,CPI: 09 - Recreation and culture,IXOB,Index,A,Annual,2015,IDX,Index,0,Units,2015_100,2015=100,100
CAN,Canada,CP090000,CPI: 09 - Recreation and culture,IXOB,Index,A,Annual,2016,IDX,Index,0,Units,2015_100,2015=100,101.5461
CAN,Canada,CP090000,CPI: 09 - Recreation and culture,IXOB,Index,A,Annual,2017,IDX,Index,0,Units,2015_100,2015=100,103.5956
CAN,Canada,CP090000,CPI: 09 - Recreation and culture,IXOB,Index,A,Annual,2018,IDX,Index,0,Units,2015_100,2015=100,105.1611
CAN,Canada,CP090000,CPI: 09 - Recreation and culture,IXOB,Index,A,Annual,2019,IDX,Index,0,Units,2015_100,2015=100,107.9332
CAN,Canada,CP090000,CPI: 09 - Recreation and culture,IXOB,Index,A,Annual,2020,IDX,Index,0,Units,2015_100,2015=100,110.426
CAN,Canada,CP090000,CPI: 09 - Recreation and culture,IXOB,Index,A,Annual,2021,IDX,Index,0,Units,2015_100,2015=100,113.5426
CAN,Canada,CP090000,CPI: 09 - Recreation and culture,IXOB,Index,A,Annual,2022,IDX,Index,0,Units,2015_100,2015=100,118.2715
CAN,Canada,CP090000,CPI: 09 - Recreation and culture,IXOB,Index,A,Annual,2023,IDX,Index,0,Units,2015_100,2015=100,122.3808
CAN,Canada,CP100000,CPI: 10 - Education,IXOB,Index,A,Annual,2015,IDX,Index,0,Units,2015_100,2015=100,100
CAN,Canada,CP100000,CPI: 10 - Education,IXOB,Index,A,Annual,2016,IDX,Index,0,Units,2015_100,2015=100,102.8562
CAN,Canada,CP100000,CPI: 10 - Education,IXOB,Index,A,Annual,2017,IDX,Index,0,Units,2015_100,2015=100,105.4049
CAN,Canada,CP100000,CPI: 10 - Education,IXOB,Index,A,Annual,2018,IDX,Index,0,Units,2015_100,2015=100,108.3182
CAN,Canada,CP100000,CPI: 10 - Education,IXOB,Index,A,Annual,2019,IDX,Index,0,Units,2015_100,2015=100,109.8284
CAN,Canada,CP100000,CPI: 10 - Education,IXOB,Index,A,Annual,2020,IDX,Index,0,Units,2015_100,2015=100,107.9815
CAN,Canada,CP100000,CPI: 10 - Education,IXOB,Index,A,Annual,2021,IDX,Index,0,Units,2015_100,2015=100,110.2576
CAN,Canada,CP100000,CPI: 10 - Education,IXOB,Index,A,Annual,2022,IDX,Index,0,Units,2015_100,2015=100,112.6344
CAN,Canada,CP100000,CPI: 10 - Education,IXOB,Index,A,Annual,2023,IDX,Index,0,Units,2015_100,2015=100,115.7704
CAN,Canada,CP110000,CPI: 11 - Restaurants and hotels,IXOB,Index,A,Annual,2015,IDX,Index,0,Units,2015_100,2015=100,100
CAN,Canada,CP110000,CPI: 11 - Restaurants and hotels,IXOB,Index,A,Annual,2016,IDX,Index,0,Units,2015_100,2015=100,102.5343
CAN,Canada,CP110000,CPI: 11 - Restaurants and hotels,IXOB,Index,A,Annual,2017,IDX,Index,0,Units,2015_100,2015=100,105.3025
CAN,Canada,CP110000,CPI: 11 - Restaurants and hotels,IXOB,Index,A,Annual,2018,IDX,Index,0,Units,2015_100,2015=100,108.0981
CAN,Canada,CP110000,CPI: 11 - Restaurants and hotels,IXOB,Index,A,Annual,2019,IDX,Index,0,Units,2015_100,2015=100,109.4076
CAN,Canada,CP110000,CPI: 11 - Restaurants and hotels,IXOB,Index,A,Annual,2020,IDX,Index,0,Units,2015_100,2015=100,108.7096
CAN,Canada,CP110000,CPI: 11 - Restaurants and hotels,IXOB,Index,A,Annual,2021,IDX,Index,0,Units,2015_100,2015=100,111.2633
CAN,Canada,CP110000,CPI: 11 - Restaurants and hotels,IXOB,Index,A,Annual,2022,IDX,Index,0,Units,2015_100,2015=100,120.6866
CAN,Canada,CP110000,CPI: 11 - Restaurants and hotels,IXOB,Index,A,Annual,2023,IDX,Index,0,Units,2015_100,2015=100,128.3103
CAN,Canada,CP120000,CPI: 12 - Miscellaneous goods and services,IXOB,Index,A,Annual,2015,IDX,Index,0,Units,2015_100,2015=100,100
CAN,Canada,CP120000,CPI: 12 - Miscellaneous goods and services,IXOB,Index,A,Annual,2016,IDX,Index,0,Units,2015_100,2015=100,101.6767
CAN,Canada,CP120000,CPI: 12 - Miscellaneous goods and services,IXOB,Index,A,Annual,2017,IDX,Index,0,Units,2015_100,2015=100,103.4284
CAN,Canada,CP120000,CPI: 12 - Miscellaneous goods and services,IXOB,Index,A,Annual,2018,IDX,Index,0,Units,2015_100,2015=100,105.5621
CAN,Canada,CP120000,CPI: 12 - Miscellaneous goods and services,IXOB,Index,A,Annual,2019,IDX,Index,0,Units,2015_100,2015=100,109.3947
CAN,Canada,CP120000,CPI: 12 - Miscellaneous goods and services,IXOB,Index,A,Annual,2020,IDX,Index,0,Units,2015_100,2015=100,113.4492
CAN,Canada,CP120000,CPI: 12 - Miscellaneous goods and services,IXOB,Index,A,Annual,2021,IDX,Index,0,Units,2015_100,2015=100,116.3457
CAN,Canada,CP120000,CPI: 12 - Miscellaneous goods and services,IXOB,Index,A,Annual,2022,IDX,Index,0,Units,2015_100,2015=100,122.1232
CAN,Canada,CP120000,CPI: 12 - Miscellaneous goods and services,IXOB,Index,A,Annual,2023,IDX,Index,0,Units,2015_100,2015=100,126.4153
